
*** src/bin/yalda-gpui/main.rs:4257:38: replace == with != in YaldaGpuiView::focused_in_insert_mode

*** mutation diff:
--- src/bin/yalda-gpui/main.rs
+++ replace == with != in YaldaGpuiView::focused_in_insert_mode
@@ -4249,17 +4249,17 @@
                 }
             }
             Some(App::Linear(tile)) => {
                 let picker = tile
                     .view
                     .as_ref()
                     .map(|v| v.read(cx).is_picker())
                     .unwrap_or(false);
-                !picker && tile.mode == LinearMode::Insert
+                !picker && tile.mode != /* ~ changed by cargo-mutants ~ */ LinearMode::Insert
             }
             Some(App::Buffer(BufferApp::Viewing(_))) | None => false,
         }
     }
 
     /// Universal leader dispatch: when the focused tile is NOT in text entry, the
     /// bare leader keys open their menus with TOP priority, before any
     /// tile-specific key handling. Returns true if it consumed the key (the


*** /Users/scott/.rustup/toolchains/stable-aarch64-apple-darwin/bin/cargo test --no-run --verbose --package=yalda@0.1.0 --features=test-support
       Fresh unicode-ident v1.0.24
       Fresh cfg-if v1.0.4
       Fresh autocfg v1.5.0
       Fresh bitflags v2.11.1
       Fresh pin-project-lite v0.2.17
       Fresh shlex v1.3.0
       Fresh equivalent v1.0.2
       Fresh hashbrown v0.17.0
       Fresh proc-macro2 v1.0.106
       Fresh futures-core v0.3.32
       Fresh find-msvc-tools v0.1.9
       Fresh futures-io v0.3.32
       Fresh smallvec v1.15.1
       Fresh itoa v1.0.18
       Fresh memchr v2.8.0
       Fresh core-foundation-sys v0.8.7
       Fresh quote v1.0.45
       Fresh libc v0.2.186
       Fresh libm v0.2.16
       Fresh typeid v1.0.3
       Fresh slab v0.4.12
       Fresh fastrand v2.4.1
       Fresh stable_deref_trait v1.2.1
       Fresh parking v2.2.1
       Fresh version_check v0.9.5
       Fresh syn v2.0.117
       Fresh serde_fmt v1.1.0
       Fresh erased-serde v0.4.10
       Fresh jobserver v0.1.34
       Fresh crossbeam-utils v0.8.21
       Fresh simd-adler32 v0.3.9
       Fresh cfg_aliases v0.2.1
       Fresh adler2 v2.0.1
       Fresh heck v0.5.0
       Fresh value-bag-serde1 v1.12.0
       Fresh cc v1.2.61
       Fresh serde_derive v1.0.228
       Fresh synstructure v0.13.2
       Fresh zmij v1.0.21
       Fresh zerocopy-derive v0.8.48
       Fresh signal-hook-registry v1.4.8
       Fresh thiserror-impl v2.0.18
       Fresh concurrent-queue v2.5.0
       Fresh miniz_oxide v0.8.9
       Fresh futures-sink v0.3.32
       Fresh zerovec-derive v0.11.3
       Fresh futures-lite v2.6.1
       Fresh value-bag v1.12.0
       Fresh zerofrom-derive v0.1.7
       Fresh zerocopy v0.8.48
       Fresh serde_core v1.0.228
       Fresh yoke-derive v0.8.2
       Fresh bytes v1.11.1
       Fresh scopeguard v1.2.0
       Fresh displaydoc v0.2.5
       Fresh core-foundation v0.10.0
       Fresh atomic-waker v1.1.2
       Fresh futures-channel v0.3.32
       Fresh zerofrom v0.1.7
       Fresh lock_api v0.4.14
       Fresh parking_lot_core v0.9.12
       Fresh indexmap v2.14.0
       Fresh crc32fast v1.5.0
       Fresh log v0.4.29
       Fresh event-listener v5.4.1
       Fresh futures-macro v0.3.32
       Fresh tokio-macros v2.7.0
       Fresh mio v1.2.0
       Fresh socket2 v0.6.3
       Fresh yoke v0.8.2
       Fresh flate2 v1.1.9
       Fresh parking_lot v0.12.5
       Fresh aho-corasick v1.1.4
       Fresh rustc-hash v2.1.2
       Fresh regex-syntax v0.8.10
       Fresh futures-task v0.3.32
       Fresh event-listener-strategy v0.5.4
       Fresh bytemuck_derive v1.10.2
       Fresh zerovec v0.11.6
       Fresh futures-util v0.3.32
       Fresh regex-automata v0.4.14
       Fresh tokio v1.52.2
       Fresh tracing-core v0.1.36
       Fresh writeable v0.6.3
       Fresh typenum v1.20.0
       Fresh zeroize v1.8.2
       Fresh litemap v0.8.2
       Fresh bytemuck v1.25.0
       Fresh zerotrie v0.2.4
       Fresh tracing-attributes v0.1.31
       Fresh tinystr v0.8.3
       Fresh serde v1.0.228
       Fresh anyhow v1.0.102
       Fresh potential_utf v0.1.5
       Fresh rustls-pki-types v1.14.1
       Fresh generic-array v0.14.7
       Fresh crossbeam-epoch v0.9.18
       Fresh utf8_iter v1.0.4
       Fresh strsim v0.11.1
       Fresh tracing v0.1.44
       Fresh polling v3.11.0
       Fresh icu_locale_core v2.2.0
       Fresh crossbeam-deque v0.8.6
       Fresh icu_collections v2.2.0
       Fresh serde_json v1.0.149
       Fresh num-integer v0.1.46
       Fresh async-task v4.7.1
       Fresh same-file v1.0.6
       Fresh glob v0.3.3
       Fresh block-buffer v0.10.4
       Fresh crypto-common v0.1.7
       Fresh icu_provider v2.2.0
       Fresh icu_properties_data v2.2.0
       Fresh rayon-core v1.13.0
       Fresh walkdir v2.5.0
       Fresh async-io v2.6.0
       Fresh icu_normalizer_data v2.2.0
       Fresh async-channel v2.5.0
       Fresh piper v0.2.5
       Fresh base64 v0.22.1
       Fresh pkg-config v0.3.33
       Fresh objc2-encode v4.1.0
       Fresh icu_properties v2.2.0
       Fresh icu_normalizer v2.2.0
       Fresh rustversion v1.0.22
       Fresh objc2 v0.6.4
       Fresh blocking v1.6.2
       Fresh digest v0.10.7
       Fresh num-bigint v0.4.6
       Fresh tokio-util v0.7.18
       Fresh async-lock v3.4.2
       Fresh http v1.4.0
       Fresh serde_derive_internals v0.29.1
       Fresh ref-cast-impl v1.0.25
       Fresh equator-macro v0.4.2
       Fresh pin-project-internal v1.1.12
       Fresh foreign-types-macros v0.2.3
       Fresh getrandom v0.2.17
       Fresh iana-time-zone v0.1.65
       Fresh termcolor v1.4.1
       Fresh foreign-types-shared v0.3.1
       Fresh minimal-lexical v0.2.1
       Fresh unicode-width v0.2.0
       Fresh untrusted v0.9.0
       Fresh ident_case v1.0.1
       Fresh vcpkg v0.2.15
       Fresh percent-encoding v2.3.2
       Fresh ref-cast v1.0.25
       Fresh idna_adapter v1.2.2
       Fresh equator v0.4.2
       Fresh chrono v0.4.44
       Fresh nom v7.1.3
       Fresh foreign-types v0.5.0
       Fresh form_urlencoded v1.2.2
       Fresh ring v0.17.14
       Fresh darling_core v0.23.0
       Fresh pin-project v1.1.12
       Fresh strum_macros v0.26.4
       Fresh num-rational v0.4.2
       Fresh schemars_derive v1.2.1
       Fresh rayon v1.12.0
       Fresh thiserror-impl v1.0.69
       Fresh core-foundation v0.9.4
       Fresh libloading v0.8.9
       Fresh unicase v2.9.0
       Fresh either v1.15.0
       Fresh fnv v1.0.7
       Fresh dyn-clone v1.0.20
       Fresh foldhash v0.1.5
       Fresh bitflags v1.3.2
       Fresh cexpr v0.6.0
       Fresh darling_macro v0.23.0
       Fresh thiserror v1.0.69
       Fresh strum v0.26.3
       Fresh rustls-webpki v0.103.13
       Fresh itertools v0.13.0
       Fresh clang-sys v1.8.1
       Fresh hashbrown v0.15.5
       Fresh schemars v1.2.1
       Fresh paste v1.0.15
       Fresh idna v1.1.0
       Fresh aligned-vec v0.6.4
       Fresh http-body v1.0.1
       Fresh objc2-core-foundation v0.3.2
       Fresh prettyplease v0.2.37
       Fresh async-signal v0.2.14
       Fresh async-executor v1.14.0
       Fresh futures-executor v0.3.32
       Fresh euclid v0.22.14
       Fresh malloc_buf v0.0.6
       Fresh subtle v2.6.1
       Fresh semver v1.0.28
       Fresh try-lock v0.2.5
       Fresh block v0.1.6
       Fresh hexf-parse v0.2.1
       Fresh rustc-hash v1.1.0
       Fresh want v0.3.1
       Fresh bindgen v0.71.1
       Fresh rustls v0.23.40
       Fresh futures v0.3.32
       Fresh objc v0.2.7
       Fresh rustc_version v0.4.1
       Fresh async-process v2.5.0
       Fresh objc2-foundation v0.3.2
       Fresh httparse v1.10.1
       Fresh url v2.5.8
       Fresh getrandom v0.3.4
       Fresh ar_archive_writer v0.5.1
       Fresh v_frame v0.3.9
       Fresh darling v0.23.0
       Fresh h2 v0.4.14
       Fresh block2 v0.6.2
       Fresh toml_datetime v0.6.11
       Fresh serde_spanned v0.6.9
       Fresh core-graphics-types v0.2.0
       Fresh itertools v0.14.0
       Fresh fdeflate v0.3.7
       Fresh profiling-procmacros v1.0.18
       Fresh as-slice v0.2.1
       Fresh core_maths v0.1.1
       Fresh errno v0.3.14
       Fresh security-framework-sys v2.17.0
       Fresh cpufeatures v0.2.17
       Fresh bstr v1.12.1
       Fresh option-ext v0.2.0
       Fresh ryu v1.0.23
       Fresh toml_write v0.1.2
       Fresh deflate64 v0.1.12
       Fresh tower-service v0.3.3
       Fresh winnow v0.7.15
       Fresh once_cell v1.21.4
       Fresh float-cmp v0.9.0
       Fresh compression-core v0.4.32
       Fresh built v0.8.0
       Fresh strict-num v0.1.1
       Fresh globset v0.4.18
       Fresh security-framework v3.7.0
       Fresh toml_edit v0.22.27
       Fresh rustix v1.1.4
       Fresh compression-codecs v0.4.38
       Fresh sha2 v0.10.9
       Fresh ttf-parser v0.25.1
       Fresh rand_core v0.9.5
       Fresh profiling v1.0.18
       Fresh hyper v1.9.0
       Fresh objc2-metal v0.3.2
       Fresh aligned v0.4.3
       Fresh slotmap v1.1.1
       Fresh num-traits v0.2.19
       Fresh lyon_geom v1.0.19
       Fresh libz-sys v1.1.29
       Fresh getrandom v0.4.2
       Fresh regex v1.12.3
       Fresh ppv-lite86 v0.2.21
       Fresh arg_enum_proc_macro v0.3.4
       Fresh no_std_io2 v0.9.4
       Fresh nom v8.0.0
       Fresh unicode-segmentation v1.13.2
       Fresh y4m v0.8.0
       Fresh quick-error v2.0.1
       Fresh event-listener v2.5.3
       Fresh leak v0.1.2
       Fresh arrayref v0.3.9
       Fresh pastey v0.1.1
       Fresh utf8parse v0.2.2
       Fresh bit-vec v0.8.0
       Fresh tinyvec_macros v0.1.1
       Fresh rand_chacha v0.9.0
       Fresh av1-grain v0.2.5
       Fresh av-scenechange v0.14.1
       Fresh leaky-cow v0.1.1
       Fresh convert_case v0.10.0
       Fresh bitstream-io v4.10.0
       Fresh async-channel v1.9.0
       Fresh anstyle-parse v1.0.0
       Fresh bit-set v0.8.0
       Fresh tiny-skia-path v0.11.4
       Fresh tinyvec v1.11.0
       Fresh half v2.7.1
       Fresh gpui_perf v0.2.2
       Fresh objc2-quartz-core v0.3.2
       Fresh libgit2-sys v0.18.5+1.9.4
       Fresh thiserror v2.0.18
       Fresh hyper-util v0.1.20
       Fresh rust-embed-impl v8.11.0
       Fresh lyon_path v1.0.19
       Fresh nix v0.31.2
       Fresh async-compression v0.4.42
       Fresh toml v0.8.23
       Fresh syn v1.0.109
       Fresh rustls-native-certs v0.8.3
       Fresh system-configuration-sys v0.6.0
       Fresh rust-embed-utils v8.11.0
       Fresh rustix v0.38.44
       Fresh core-graphics v0.24.0
       Fresh tokio-rustls v0.26.4
       Fresh tempfile v3.27.0
       Fresh async-global-executor v2.4.1
       Fresh core-graphics-types v0.1.3
       Fresh maybe-rayon v0.1.1
       Fresh codespan-reporting v0.12.0
       Fresh async-fs v2.2.0
       Fresh async-net v2.0.0
       Fresh rgb v0.8.53
       Fresh kv-log-macro v1.0.7
       Fresh num-derive v0.4.2
       Fresh kurbo v0.11.3
       Fresh simd_helpers v0.1.0
       Fresh proc-macro-error-attr2 v2.0.0
       Fresh dirs-sys v0.3.7
       Fresh cgl v0.3.2
       Fresh memmap2 v0.9.10
       Fresh sync_wrapper v1.0.2
       Fresh fastrand v1.9.0
       Fresh unicode-script v0.5.8
       Fresh colorchoice v1.0.5
       Fresh arrayvec v0.7.6
       Fresh zune-core v0.5.1
       Fresh home v0.5.12
       Fresh waker-fn v1.2.0
       Fresh lazy_static v1.5.0
       Fresh dtor-proc-macro v0.0.5
       Fresh siphasher v1.0.3
       Fresh anstyle v1.0.14
       Fresh unicode-xid v0.2.6
       Fresh unicode-ccc v0.4.0
       Fresh weezl v0.1.12
       Fresh powerfmt v0.2.0
       Fresh tower-layer v0.3.3
       Fresh imgref v1.12.1
       Fresh anstyle-query v1.1.5
       Fresh noop_proc_macro v0.3.0
       Fresh mime v0.3.17
       Fresh unicode-properties v0.1.4
       Fresh pin-utils v0.1.0
       Fresh unicode-bidi-mirroring v0.4.0
       Fresh is_terminal_polyfill v1.70.2
       Fresh heck v0.4.1
       Fresh new_debug_unreachable v1.0.6
       Fresh cbindgen v0.28.0
       Fresh anstream v1.0.0
       Fresh dtor v0.0.6
       Fresh mime_guess v2.0.5
       Fresh derive_more-impl v2.1.1
       Fresh async-std v1.13.2
       Fresh loop9 v0.1.5
       Fresh rustybuzz v0.20.1
       Fresh svgtypes v0.15.3
       Fresh tower v0.5.3
       Fresh deranged v0.5.8
       Fresh io-surface v0.16.1
       Fresh futures-lite v1.13.0
       Fresh which v6.0.3
       Fresh zune-jpeg v0.5.15
       Fresh rav1e v0.8.1
       Fresh dirs v4.0.0
       Fresh fontdb v0.23.0
       Fresh proc-macro-error2 v2.0.1
       Fresh rust-embed v8.11.0
       Fresh system-configuration v0.6.1
       Fresh hyper-rustls v0.27.9
       Fresh naga v25.0.1
       Fresh metal v0.29.0
       Fresh smol v2.0.2
       Fresh hidden-trait v0.1.2
       Fresh psm v0.1.31
       Fresh pathfinder_simd v0.5.6
       Fresh async_zip v0.0.17
       Fresh serde_json_lenient v0.2.4
       Fresh objc2-app-kit v0.3.2
       Fresh command-fds v0.3.3
       Fresh gpui_util_macros v0.2.2
       Fresh git2 v0.20.4
       Fresh nix v0.29.0
       Fresh rand v0.9.4
       Fresh dirs-sys v0.4.1
       Fresh serde_urlencoded v0.7.1
       Fresh png v0.17.16
       Fresh serde_with_macros v3.19.0
       Fresh core-graphics2 v0.4.1
       Fresh http-body-util v0.1.3
       Fresh tokio-socks v0.5.2
       Fresh rustls-pemfile v2.2.0
       Fresh gpui_collections v0.2.2
       Fresh simplecss v0.2.2
       Fresh strum_macros v0.28.0
       Fresh avif-serialize v0.8.8
       Fresh zune-inflate v0.2.54
       Fresh xattr v0.2.3
       Fresh filetime v0.2.27
       Fresh encoding_rs v0.8.35
       Fresh unicode-bidi v0.3.18
       Fresh mint v0.5.9
       Fresh byteorder-lite v0.1.0
       Fresh imagesize v0.13.0
       Fresh ipnet v2.12.0
       Fresh xmlwriter v0.1.0
       Fresh color_quant v1.1.0
       Fresh dunce v1.0.5
       Fresh raw-window-handle v0.6.2
       Fresh roxmltree v0.20.0
       Fresh unicode-vo v0.1.0
       Fresh pico-args v0.5.0
       Fresh take-until v0.2.0
       Fresh bit_field v0.10.3
       Fresh ctor-proc-macro v0.0.6
       Fresh lebe v0.5.3
       Fresh float_next_after v1.0.0
       Fresh time-core v0.1.8
       Fresh num-conv v0.2.1
       Fresh data-url v0.3.2
       Fresh sha1_smol v1.0.1
       Fresh clap_lex v1.1.0
       Fresh pxfm v0.1.29
       Fresh convert_case v0.4.0
       Fresh gimli v0.32.3
       Fresh fax v0.2.7
       Fresh time v0.3.47
       Fresh moxcms v0.8.1
       Fresh derive_more v0.99.20
       Fresh uuid v1.23.1
       Fresh addr2line v0.25.1
       Fresh clap_builder v4.6.0
       Fresh gpui_util v0.2.2
       Fresh lyon_tessellation v1.0.20
       Fresh ctor v0.4.3
       Fresh exr v1.74.0
       Fresh usvg v0.45.1
       Fresh zed-async-tar v0.5.0-zed
       Fresh gif v0.14.2
       Fresh zed-reqwest v0.12.15-zed
       Fresh tiff v0.11.3
       Fresh ravif v0.13.0
       Fresh image-webp v0.2.4
       Fresh strum v0.28.0
       Fresh blade-graphics v0.7.1
       Fresh dirs v5.0.1
       Fresh serde_with v3.19.0
       Fresh tiny-skia v0.11.4
       Fresh core-video v0.4.3
       Fresh stacksafe-macro v0.1.4
       Fresh stacker v0.1.24
       Fresh object v0.37.3
       Fresh pathfinder_geometry v0.5.1
       Fresh derive_more v2.1.1
       Fresh core-text v21.0.0
       Fresh lyon_algorithms v1.0.20
       Fresh rmcp-macros v1.6.0
       Fresh tree-sitter-language v0.1.7
       Fresh cocoa-foundation v0.2.0
       Fresh png v0.18.1
       Fresh num-iter v0.1.45
       Fresh webpki-roots v1.0.7
       Fresh qoi v0.4.1
       Fresh clap_derive v4.6.1
       Fresh crossbeam-queue v0.3.12
       Fresh strum_macros v0.27.2
       Fresh async-trait v0.1.89
       Fresh num-complex v0.4.6
       Fresh gpui_derive_refineable v0.2.2
       Fresh quick-xml v0.39.3
       Fresh pastey v0.2.2
       Fresh atomic v0.5.3
       Fresh static_assertions v1.1.0
       Fresh pollster v0.2.5
       Fresh float-ord v0.3.2
       Fresh svg_fmt v0.4.5
       Fresh unicode-width v0.1.14
       Fresh byteorder v1.5.0
       Fresh linked-hash-map v0.5.6
       Fresh rustc-demangle v0.1.27
       Fresh grid v0.18.0
       Fresh fixedbitset v0.5.7
       Fresh strum v0.27.2
       Fresh image v0.25.10
       Fresh clap v4.6.1
       Fresh taffy v0.9.0
       Fresh zed-font-kit v0.14.1-zed
       Fresh yaml-rust v0.4.5
       Fresh miette v7.6.0
       Fresh postage v0.5.0
       Fresh plist v1.9.0
       Fresh rmcp v1.6.0
       Fresh backtrace v0.3.76
       Fresh futures-concurrency v7.7.1
       Fresh etagere v0.2.15
       Fresh webpki-roots v0.26.11
       Fresh gpui_refineable v0.2.2
       Fresh cocoa v0.26.0
       Fresh lyon v1.0.19
       Fresh num v0.4.3
       Fresh agent-client-protocol-schema v0.12.0
       Fresh resvg v0.45.1
       Fresh blade-util v0.3.0
       Fresh gpui_media v0.2.2
       Fresh stacksafe v0.1.4
       Fresh gpui_http_client v0.2.2
       Fresh sharded-slab v0.1.7
       Fresh dirs-sys v0.5.0
       Fresh fancy-regex v0.16.2
       Fresh gpui_sum_tree v0.2.2
       Fresh gpui_semantic_version v0.2.2
       Fresh matchers v0.2.0
       Fresh jsonrpcmsg v0.1.2
       Fresh tracing-log v0.2.0
       Fresh bincode v1.3.3
       Fresh gpui-macros v0.2.2
       Fresh blade-macros v0.3.0
       Fresh agent-client-protocol-derive v0.11.0
       Fresh num_cpus v1.17.0
       Fresh thread_local v1.1.9
       Fresh str_indices v0.4.4
       Fresh nu-ansi-term v0.50.3
       Fresh seahash v4.1.0
       Fresh winnow v0.6.24
       Fresh inventory v0.3.24
       Fresh streaming-iterator v0.1.9
       Fresh syntect v5.3.0
       Fresh dirs v6.0.0
       Fresh pulldown-cmark v0.12.2
       Fresh ureq v2.12.1
       Fresh tree-sitter-md v0.3.2 (https://github.com/MDeiml/tree-sitter-markdown?tag=v0.3.2#1c8dea73)
       Fresh shell-words v1.1.1
       Fresh agent-client-protocol v0.11.1
       Fresh tracing-subscriber v0.3.23
       Fresh kdl v6.5.0
       Fresh gpui v0.2.2
       Fresh tree-sitter v0.24.7
       Dirty yalda v0.1.0 (/private/var/folders/06/t_ytth4972jbgchqwhyvgvxm0000gp/T/cargo-mutants-realloop-harness-zmtYwV.tmp): the precalculated components changed
   Compiling yalda v0.1.0 (/private/var/folders/06/t_ytth4972jbgchqwhyvgvxm0000gp/T/cargo-mutants-realloop-harness-zmtYwV.tmp)
       Fresh ropey v1.6.1
       Fresh ciborium-io v0.2.2
       Fresh plotters-backend v0.3.7
       Fresh itertools v0.10.5
       Fresh cast v0.3.0
       Fresh tinytemplate v1.2.1
       Fresh console v0.16.3
       Fresh is-terminal v0.4.17
       Fresh yansi v1.0.1
       Fresh oorandom v11.1.5
       Fresh anes v0.1.6
     Running `/private/var/folders/06/t_ytth4972jbgchqwhyvgvxm0000gp/T/cargo-mutants-realloop-harness-zmtYwV.tmp/target/debug/build/yalda-29e519f3e0ebf839/build-script-build`
       Fresh ciborium-ll v0.2.2
       Fresh plotters-svg v0.3.7
       Fresh criterion-plot v0.5.0
       Fresh diff v0.1.13
       Fresh similar v2.7.0
       Fresh plotters v0.3.7
       Fresh ciborium v0.2.2
       Fresh pretty_assertions v1.4.1
       Fresh insta v1.47.2
       Fresh criterion v0.5.1
warning: yalda@0.1.0: yalda build 0.1.0 (unknown 2026-07-01T19:28:30Z)
     Running `/Users/scott/.rustup/toolchains/stable-aarch64-apple-darwin/bin/rustc --crate-name yalda --edition=2024 src/lib.rs --error-format=json --json=diagnostic-rendered-ansi,artifacts,future-incompat --emit=dep-info,link -C embed-bitcode=no -C debuginfo=2 -C split-debuginfo=unpacked --test --cfg 'feature="default"' --cfg 'feature="test-support"' --cfg 'feature="unstable_session_usage"' --check-cfg 'cfg(docsrs,test)' --check-cfg 'cfg(feature, values("default", "test-support", "unstable_session_usage"))' -C metadata=5fdb61f0245cebd5 -C extra-filename=-0e08e3ffc0c0dea0 --out-dir /private/var/folders/06/t_ytth4972jbgchqwhyvgvxm0000gp/T/cargo-mutants-realloop-harness-zmtYwV.tmp/target/debug/deps -C incremental=/private/var/folders/06/t_ytth4972jbgchqwhyvgvxm0000gp/T/cargo-mutants-realloop-harness-zmtYwV.tmp/target/debug/incremental -L dependency=/private/var/folders/06/t_ytth4972jbgchqwhyvgvxm0000gp/T/cargo-mutants-realloop-harness-zmtYwV.tmp/target/debug/deps --extern agent_client_protocol=/private/var/folders/06/t_ytth4972jbgchqwhyvgvxm0000gp/T/cargo-mutants-realloop-harness-zmtYwV.tmp/target/debug/deps/libagent_client_protocol-99b0ef2f175be39d.rlib --extern clap=/private/var/folders/06/t_ytth4972jbgchqwhyvgvxm0000gp/T/cargo-mutants-realloop-harness-zmtYwV.tmp/target/debug/deps/libclap-53f1eaf404a4513b.rlib --extern criterion=/private/var/folders/06/t_ytth4972jbgchqwhyvgvxm0000gp/T/cargo-mutants-realloop-harness-zmtYwV.tmp/target/debug/deps/libcriterion-e775a0c41a7b659e.rlib --extern dirs=/private/var/folders/06/t_ytth4972jbgchqwhyvgvxm0000gp/T/cargo-mutants-realloop-harness-zmtYwV.tmp/target/debug/deps/libdirs-be1e6274fe97d56a.rlib --extern futures=/private/var/folders/06/t_ytth4972jbgchqwhyvgvxm0000gp/T/cargo-mutants-realloop-harness-zmtYwV.tmp/target/debug/deps/libfutures-dcc717f698520f9b.rlib --extern gpui=/private/var/folders/06/t_ytth4972jbgchqwhyvgvxm0000gp/T/cargo-mutants-realloop-harness-zmtYwV.tmp/target/debug/deps/libgpui-4d77236dcb81b61c.rlib --extern insta=/private/var/folders/06/t_ytth4972jbgchqwhyvgvxm0000gp/T/cargo-mutants-realloop-harness-zmtYwV.tmp/target/debug/deps/libinsta-1232e192cd05fc80.rlib --extern kdl=/private/var/folders/06/t_ytth4972jbgchqwhyvgvxm0000gp/T/cargo-mutants-realloop-harness-zmtYwV.tmp/target/debug/deps/libkdl-2d49be1969c24845.rlib --extern libc=/private/var/folders/06/t_ytth4972jbgchqwhyvgvxm0000gp/T/cargo-mutants-realloop-harness-zmtYwV.tmp/target/debug/deps/liblibc-7284c512c01327fa.rlib --extern pretty_assertions=/private/var/folders/06/t_ytth4972jbgchqwhyvgvxm0000gp/T/cargo-mutants-realloop-harness-zmtYwV.tmp/target/debug/deps/libpretty_assertions-9ac39736644780f6.rlib --extern pulldown_cmark=/private/var/folders/06/t_ytth4972jbgchqwhyvgvxm0000gp/T/cargo-mutants-realloop-harness-zmtYwV.tmp/target/debug/deps/libpulldown_cmark-37af8e80cc59d81e.rlib --extern ropey=/private/var/folders/06/t_ytth4972jbgchqwhyvgvxm0000gp/T/cargo-mutants-realloop-harness-zmtYwV.tmp/target/debug/deps/libropey-2f5882a9a3a2ec88.rlib --extern serde=/private/var/folders/06/t_ytth4972jbgchqwhyvgvxm0000gp/T/cargo-mutants-realloop-harness-zmtYwV.tmp/target/debug/deps/libserde-09ca34f43c349f85.rlib --extern serde_json=/private/var/folders/06/t_ytth4972jbgchqwhyvgvxm0000gp/T/cargo-mutants-realloop-harness-zmtYwV.tmp/target/debug/deps/libserde_json-fbcfcf843b882ace.rlib --extern shell_words=/private/var/folders/06/t_ytth4972jbgchqwhyvgvxm0000gp/T/cargo-mutants-realloop-harness-zmtYwV.tmp/target/debug/deps/libshell_words-161b00a23a6f8419.rlib --extern syntect=/private/var/folders/06/t_ytth4972jbgchqwhyvgvxm0000gp/T/cargo-mutants-realloop-harness-zmtYwV.tmp/target/debug/deps/libsyntect-aa1e5140663c734f.rlib --extern tempfile=/private/var/folders/06/t_ytth4972jbgchqwhyvgvxm0000gp/T/cargo-mutants-realloop-harness-zmtYwV.tmp/target/debug/deps/libtempfile-c6c909224f242ca5.rlib --extern tokio=/private/var/folders/06/t_ytth4972jbgchqwhyvgvxm0000gp/T/cargo-mutants-realloop-harness-zmtYwV.tmp/target/debug/deps/libtokio-47477d36903280ff.rlib --extern tokio_util=/private/var/folders/06/t_ytth4972jbgchqwhyvgvxm0000gp/T/cargo-mutants-realloop-harness-zmtYwV.tmp/target/debug/deps/libtokio_util-d190749744391757.rlib --extern tracing=/private/var/folders/06/t_ytth4972jbgchqwhyvgvxm0000gp/T/cargo-mutants-realloop-harness-zmtYwV.tmp/target/debug/deps/libtracing-59f2da8dde2035f8.rlib --extern tracing_subscriber=/private/var/folders/06/t_ytth4972jbgchqwhyvgvxm0000gp/T/cargo-mutants-realloop-harness-zmtYwV.tmp/target/debug/deps/libtracing_subscriber-3013d80590e56595.rlib --extern tree_sitter=/private/var/folders/06/t_ytth4972jbgchqwhyvgvxm0000gp/T/cargo-mutants-realloop-harness-zmtYwV.tmp/target/debug/deps/libtree_sitter-e08d431b118c1095.rlib --extern tree_sitter_md=/private/var/folders/06/t_ytth4972jbgchqwhyvgvxm0000gp/T/cargo-mutants-realloop-harness-zmtYwV.tmp/target/debug/deps/libtree_sitter_md-3243f1d8cb94c4e8.rlib --extern ureq=/private/var/folders/06/t_ytth4972jbgchqwhyvgvxm0000gp/T/cargo-mutants-realloop-harness-zmtYwV.tmp/target/debug/deps/libureq-3dfccae6f0f8797a.rlib --extern uuid=/private/var/folders/06/t_ytth4972jbgchqwhyvgvxm0000gp/T/cargo-mutants-realloop-harness-zmtYwV.tmp/target/debug/deps/libuuid-58fde143714020f0.rlib -L native=/private/var/folders/06/t_ytth4972jbgchqwhyvgvxm0000gp/T/cargo-mutants-realloop-harness-zmtYwV.tmp/target/debug/build/libgit2-sys-b732f72f12c66050/out/build -L native=/private/var/folders/06/t_ytth4972jbgchqwhyvgvxm0000gp/T/cargo-mutants-realloop-harness-zmtYwV.tmp/target/debug/build/ring-9973b2f35933f637/out -L native=/private/var/folders/06/t_ytth4972jbgchqwhyvgvxm0000gp/T/cargo-mutants-realloop-harness-zmtYwV.tmp/target/debug/build/psm-503fddd416b2bba3/out -L native=/private/var/folders/06/t_ytth4972jbgchqwhyvgvxm0000gp/T/cargo-mutants-realloop-harness-zmtYwV.tmp/target/debug/build/tree-sitter-09104b4152ef7c42/out -L native=/private/var/folders/06/t_ytth4972jbgchqwhyvgvxm0000gp/T/cargo-mutants-realloop-harness-zmtYwV.tmp/target/debug/build/tree-sitter-md-a18ec7f487392bdb/out`
     Running `/Users/scott/.rustup/toolchains/stable-aarch64-apple-darwin/bin/rustc --crate-name yalda --edition=2024 src/lib.rs --error-format=json --json=diagnostic-rendered-ansi,artifacts,future-incompat --crate-type lib --emit=dep-info,metadata,link -C embed-bitcode=no -C debuginfo=2 -C split-debuginfo=unpacked --cfg 'feature="default"' --cfg 'feature="test-support"' --cfg 'feature="unstable_session_usage"' --check-cfg 'cfg(docsrs,test)' --check-cfg 'cfg(feature, values("default", "test-support", "unstable_session_usage"))' -C metadata=50ac6e2fee93e22a -C extra-filename=-cf322d123f81154b --out-dir /private/var/folders/06/t_ytth4972jbgchqwhyvgvxm0000gp/T/cargo-mutants-realloop-harness-zmtYwV.tmp/target/debug/deps -C incremental=/private/var/folders/06/t_ytth4972jbgchqwhyvgvxm0000gp/T/cargo-mutants-realloop-harness-zmtYwV.tmp/target/debug/incremental -L dependency=/private/var/folders/06/t_ytth4972jbgchqwhyvgvxm0000gp/T/cargo-mutants-realloop-harness-zmtYwV.tmp/target/debug/deps --extern agent_client_protocol=/private/var/folders/06/t_ytth4972jbgchqwhyvgvxm0000gp/T/cargo-mutants-realloop-harness-zmtYwV.tmp/target/debug/deps/libagent_client_protocol-99b0ef2f175be39d.rmeta --extern clap=/private/var/folders/06/t_ytth4972jbgchqwhyvgvxm0000gp/T/cargo-mutants-realloop-harness-zmtYwV.tmp/target/debug/deps/libclap-53f1eaf404a4513b.rmeta --extern dirs=/private/var/folders/06/t_ytth4972jbgchqwhyvgvxm0000gp/T/cargo-mutants-realloop-harness-zmtYwV.tmp/target/debug/deps/libdirs-be1e6274fe97d56a.rmeta --extern futures=/private/var/folders/06/t_ytth4972jbgchqwhyvgvxm0000gp/T/cargo-mutants-realloop-harness-zmtYwV.tmp/target/debug/deps/libfutures-dcc717f698520f9b.rmeta --extern gpui=/private/var/folders/06/t_ytth4972jbgchqwhyvgvxm0000gp/T/cargo-mutants-realloop-harness-zmtYwV.tmp/target/debug/deps/libgpui-4d77236dcb81b61c.rmeta --extern kdl=/private/var/folders/06/t_ytth4972jbgchqwhyvgvxm0000gp/T/cargo-mutants-realloop-harness-zmtYwV.tmp/target/debug/deps/libkdl-2d49be1969c24845.rmeta --extern libc=/private/var/folders/06/t_ytth4972jbgchqwhyvgvxm0000gp/T/cargo-mutants-realloop-harness-zmtYwV.tmp/target/debug/deps/liblibc-7284c512c01327fa.rmeta --extern pulldown_cmark=/private/var/folders/06/t_ytth4972jbgchqwhyvgvxm0000gp/T/cargo-mutants-realloop-harness-zmtYwV.tmp/target/debug/deps/libpulldown_cmark-37af8e80cc59d81e.rmeta --extern ropey=/private/var/folders/06/t_ytth4972jbgchqwhyvgvxm0000gp/T/cargo-mutants-realloop-harness-zmtYwV.tmp/target/debug/deps/libropey-2f5882a9a3a2ec88.rmeta --extern serde=/private/var/folders/06/t_ytth4972jbgchqwhyvgvxm0000gp/T/cargo-mutants-realloop-harness-zmtYwV.tmp/target/debug/deps/libserde-09ca34f43c349f85.rmeta --extern serde_json=/private/var/folders/06/t_ytth4972jbgchqwhyvgvxm0000gp/T/cargo-mutants-realloop-harness-zmtYwV.tmp/target/debug/deps/libserde_json-fbcfcf843b882ace.rmeta --extern shell_words=/private/var/folders/06/t_ytth4972jbgchqwhyvgvxm0000gp/T/cargo-mutants-realloop-harness-zmtYwV.tmp/target/debug/deps/libshell_words-161b00a23a6f8419.rmeta --extern syntect=/private/var/folders/06/t_ytth4972jbgchqwhyvgvxm0000gp/T/cargo-mutants-realloop-harness-zmtYwV.tmp/target/debug/deps/libsyntect-aa1e5140663c734f.rmeta --extern tokio=/private/var/folders/06/t_ytth4972jbgchqwhyvgvxm0000gp/T/cargo-mutants-realloop-harness-zmtYwV.tmp/target/debug/deps/libtokio-47477d36903280ff.rmeta --extern tokio_util=/private/var/folders/06/t_ytth4972jbgchqwhyvgvxm0000gp/T/cargo-mutants-realloop-harness-zmtYwV.tmp/target/debug/deps/libtokio_util-d190749744391757.rmeta --extern tracing=/private/var/folders/06/t_ytth4972jbgchqwhyvgvxm0000gp/T/cargo-mutants-realloop-harness-zmtYwV.tmp/target/debug/deps/libtracing-59f2da8dde2035f8.rmeta --extern tracing_subscriber=/private/var/folders/06/t_ytth4972jbgchqwhyvgvxm0000gp/T/cargo-mutants-realloop-harness-zmtYwV.tmp/target/debug/deps/libtracing_subscriber-3013d80590e56595.rmeta --extern tree_sitter=/private/var/folders/06/t_ytth4972jbgchqwhyvgvxm0000gp/T/cargo-mutants-realloop-harness-zmtYwV.tmp/target/debug/deps/libtree_sitter-e08d431b118c1095.rmeta --extern tree_sitter_md=/private/var/folders/06/t_ytth4972jbgchqwhyvgvxm0000gp/T/cargo-mutants-realloop-harness-zmtYwV.tmp/target/debug/deps/libtree_sitter_md-3243f1d8cb94c4e8.rmeta --extern ureq=/private/var/folders/06/t_ytth4972jbgchqwhyvgvxm0000gp/T/cargo-mutants-realloop-harness-zmtYwV.tmp/target/debug/deps/libureq-3dfccae6f0f8797a.rmeta --extern uuid=/private/var/folders/06/t_ytth4972jbgchqwhyvgvxm0000gp/T/cargo-mutants-realloop-harness-zmtYwV.tmp/target/debug/deps/libuuid-58fde143714020f0.rmeta -L native=/private/var/folders/06/t_ytth4972jbgchqwhyvgvxm0000gp/T/cargo-mutants-realloop-harness-zmtYwV.tmp/target/debug/build/libgit2-sys-b732f72f12c66050/out/build -L native=/private/var/folders/06/t_ytth4972jbgchqwhyvgvxm0000gp/T/cargo-mutants-realloop-harness-zmtYwV.tmp/target/debug/build/ring-9973b2f35933f637/out -L native=/private/var/folders/06/t_ytth4972jbgchqwhyvgvxm0000gp/T/cargo-mutants-realloop-harness-zmtYwV.tmp/target/debug/build/psm-503fddd416b2bba3/out -L native=/private/var/folders/06/t_ytth4972jbgchqwhyvgvxm0000gp/T/cargo-mutants-realloop-harness-zmtYwV.tmp/target/debug/build/tree-sitter-09104b4152ef7c42/out -L native=/private/var/folders/06/t_ytth4972jbgchqwhyvgvxm0000gp/T/cargo-mutants-realloop-harness-zmtYwV.tmp/target/debug/build/tree-sitter-md-a18ec7f487392bdb/out`
     Running `/Users/scott/.rustup/toolchains/stable-aarch64-apple-darwin/bin/rustc --crate-name yalda_acp_stub --edition=2024 src/bin/yalda-acp-stub.rs --error-format=json --json=diagnostic-rendered-ansi,artifacts,future-incompat --crate-type bin --emit=dep-info,link -C embed-bitcode=no -C debuginfo=2 -C split-debuginfo=unpacked --cfg 'feature="default"' --cfg 'feature="test-support"' --cfg 'feature="unstable_session_usage"' --check-cfg 'cfg(docsrs,test)' --check-cfg 'cfg(feature, values("default", "test-support", "unstable_session_usage"))' -C metadata=7a0649ac81d30e3c -C extra-filename=-b5154ae00afead10 --out-dir /private/var/folders/06/t_ytth4972jbgchqwhyvgvxm0000gp/T/cargo-mutants-realloop-harness-zmtYwV.tmp/target/debug/deps -C incremental=/private/var/folders/06/t_ytth4972jbgchqwhyvgvxm0000gp/T/cargo-mutants-realloop-harness-zmtYwV.tmp/target/debug/incremental -L dependency=/private/var/folders/06/t_ytth4972jbgchqwhyvgvxm0000gp/T/cargo-mutants-realloop-harness-zmtYwV.tmp/target/debug/deps --extern agent_client_protocol=/private/var/folders/06/t_ytth4972jbgchqwhyvgvxm0000gp/T/cargo-mutants-realloop-harness-zmtYwV.tmp/target/debug/deps/libagent_client_protocol-99b0ef2f175be39d.rlib --extern clap=/private/var/folders/06/t_ytth4972jbgchqwhyvgvxm0000gp/T/cargo-mutants-realloop-harness-zmtYwV.tmp/target/debug/deps/libclap-53f1eaf404a4513b.rlib --extern dirs=/private/var/folders/06/t_ytth4972jbgchqwhyvgvxm0000gp/T/cargo-mutants-realloop-harness-zmtYwV.tmp/target/debug/deps/libdirs-be1e6274fe97d56a.rlib --extern futures=/private/var/folders/06/t_ytth4972jbgchqwhyvgvxm0000gp/T/cargo-mutants-realloop-harness-zmtYwV.tmp/target/debug/deps/libfutures-dcc717f698520f9b.rlib --extern gpui=/private/var/folders/06/t_ytth4972jbgchqwhyvgvxm0000gp/T/cargo-mutants-realloop-harness-zmtYwV.tmp/target/debug/deps/libgpui-4d77236dcb81b61c.rlib --extern kdl=/private/var/folders/06/t_ytth4972jbgchqwhyvgvxm0000gp/T/cargo-mutants-realloop-harness-zmtYwV.tmp/target/debug/deps/libkdl-2d49be1969c24845.rlib --extern libc=/private/var/folders/06/t_ytth4972jbgchqwhyvgvxm0000gp/T/cargo-mutants-realloop-harness-zmtYwV.tmp/target/debug/deps/liblibc-7284c512c01327fa.rlib --extern pulldown_cmark=/private/var/folders/06/t_ytth4972jbgchqwhyvgvxm0000gp/T/cargo-mutants-realloop-harness-zmtYwV.tmp/target/debug/deps/libpulldown_cmark-37af8e80cc59d81e.rlib --extern ropey=/private/var/folders/06/t_ytth4972jbgchqwhyvgvxm0000gp/T/cargo-mutants-realloop-harness-zmtYwV.tmp/target/debug/deps/libropey-2f5882a9a3a2ec88.rlib --extern serde=/private/var/folders/06/t_ytth4972jbgchqwhyvgvxm0000gp/T/cargo-mutants-realloop-harness-zmtYwV.tmp/target/debug/deps/libserde-09ca34f43c349f85.rlib --extern serde_json=/private/var/folders/06/t_ytth4972jbgchqwhyvgvxm0000gp/T/cargo-mutants-realloop-harness-zmtYwV.tmp/target/debug/deps/libserde_json-fbcfcf843b882ace.rlib --extern shell_words=/private/var/folders/06/t_ytth4972jbgchqwhyvgvxm0000gp/T/cargo-mutants-realloop-harness-zmtYwV.tmp/target/debug/deps/libshell_words-161b00a23a6f8419.rlib --extern syntect=/private/var/folders/06/t_ytth4972jbgchqwhyvgvxm0000gp/T/cargo-mutants-realloop-harness-zmtYwV.tmp/target/debug/deps/libsyntect-aa1e5140663c734f.rlib --extern tokio=/private/var/folders/06/t_ytth4972jbgchqwhyvgvxm0000gp/T/cargo-mutants-realloop-harness-zmtYwV.tmp/target/debug/deps/libtokio-47477d36903280ff.rlib --extern tokio_util=/private/var/folders/06/t_ytth4972jbgchqwhyvgvxm0000gp/T/cargo-mutants-realloop-harness-zmtYwV.tmp/target/debug/deps/libtokio_util-d190749744391757.rlib --extern tracing=/private/var/folders/06/t_ytth4972jbgchqwhyvgvxm0000gp/T/cargo-mutants-realloop-harness-zmtYwV.tmp/target/debug/deps/libtracing-59f2da8dde2035f8.rlib --extern tracing_subscriber=/private/var/folders/06/t_ytth4972jbgchqwhyvgvxm0000gp/T/cargo-mutants-realloop-harness-zmtYwV.tmp/target/debug/deps/libtracing_subscriber-3013d80590e56595.rlib --extern tree_sitter=/private/var/folders/06/t_ytth4972jbgchqwhyvgvxm0000gp/T/cargo-mutants-realloop-harness-zmtYwV.tmp/target/debug/deps/libtree_sitter-e08d431b118c1095.rlib --extern tree_sitter_md=/private/var/folders/06/t_ytth4972jbgchqwhyvgvxm0000gp/T/cargo-mutants-realloop-harness-zmtYwV.tmp/target/debug/deps/libtree_sitter_md-3243f1d8cb94c4e8.rlib --extern ureq=/private/var/folders/06/t_ytth4972jbgchqwhyvgvxm0000gp/T/cargo-mutants-realloop-harness-zmtYwV.tmp/target/debug/deps/libureq-3dfccae6f0f8797a.rlib --extern uuid=/private/var/folders/06/t_ytth4972jbgchqwhyvgvxm0000gp/T/cargo-mutants-realloop-harness-zmtYwV.tmp/target/debug/deps/libuuid-58fde143714020f0.rlib --extern yalda=/private/var/folders/06/t_ytth4972jbgchqwhyvgvxm0000gp/T/cargo-mutants-realloop-harness-zmtYwV.tmp/target/debug/deps/libyalda-cf322d123f81154b.rlib -L native=/private/var/folders/06/t_ytth4972jbgchqwhyvgvxm0000gp/T/cargo-mutants-realloop-harness-zmtYwV.tmp/target/debug/build/libgit2-sys-b732f72f12c66050/out/build -L native=/private/var/folders/06/t_ytth4972jbgchqwhyvgvxm0000gp/T/cargo-mutants-realloop-harness-zmtYwV.tmp/target/debug/build/ring-9973b2f35933f637/out -L native=/private/var/folders/06/t_ytth4972jbgchqwhyvgvxm0000gp/T/cargo-mutants-realloop-harness-zmtYwV.tmp/target/debug/build/psm-503fddd416b2bba3/out -L native=/private/var/folders/06/t_ytth4972jbgchqwhyvgvxm0000gp/T/cargo-mutants-realloop-harness-zmtYwV.tmp/target/debug/build/tree-sitter-09104b4152ef7c42/out -L native=/private/var/folders/06/t_ytth4972jbgchqwhyvgvxm0000gp/T/cargo-mutants-realloop-harness-zmtYwV.tmp/target/debug/build/tree-sitter-md-a18ec7f487392bdb/out`
     Running `/Users/scott/.rustup/toolchains/stable-aarch64-apple-darwin/bin/rustc --crate-name agent_event_stream_test --edition=2024 tests/agent_event_stream_test.rs --error-format=json --json=diagnostic-rendered-ansi,artifacts,future-incompat --emit=dep-info,link -C embed-bitcode=no -C debuginfo=2 -C split-debuginfo=unpacked --test --cfg 'feature="default"' --cfg 'feature="test-support"' --cfg 'feature="unstable_session_usage"' --check-cfg 'cfg(docsrs,test)' --check-cfg 'cfg(feature, values("default", "test-support", "unstable_session_usage"))' -C metadata=9915a0246b727043 -C extra-filename=-6411947821f4b5e8 --out-dir /private/var/folders/06/t_ytth4972jbgchqwhyvgvxm0000gp/T/cargo-mutants-realloop-harness-zmtYwV.tmp/target/debug/deps -C incremental=/private/var/folders/06/t_ytth4972jbgchqwhyvgvxm0000gp/T/cargo-mutants-realloop-harness-zmtYwV.tmp/target/debug/incremental -L dependency=/private/var/folders/06/t_ytth4972jbgchqwhyvgvxm0000gp/T/cargo-mutants-realloop-harness-zmtYwV.tmp/target/debug/deps --extern agent_client_protocol=/private/var/folders/06/t_ytth4972jbgchqwhyvgvxm0000gp/T/cargo-mutants-realloop-harness-zmtYwV.tmp/target/debug/deps/libagent_client_protocol-99b0ef2f175be39d.rlib --extern clap=/private/var/folders/06/t_ytth4972jbgchqwhyvgvxm0000gp/T/cargo-mutants-realloop-harness-zmtYwV.tmp/target/debug/deps/libclap-53f1eaf404a4513b.rlib --extern criterion=/private/var/folders/06/t_ytth4972jbgchqwhyvgvxm0000gp/T/cargo-mutants-realloop-harness-zmtYwV.tmp/target/debug/deps/libcriterion-e775a0c41a7b659e.rlib --extern dirs=/private/var/folders/06/t_ytth4972jbgchqwhyvgvxm0000gp/T/cargo-mutants-realloop-harness-zmtYwV.tmp/target/debug/deps/libdirs-be1e6274fe97d56a.rlib --extern futures=/private/var/folders/06/t_ytth4972jbgchqwhyvgvxm0000gp/T/cargo-mutants-realloop-harness-zmtYwV.tmp/target/debug/deps/libfutures-dcc717f698520f9b.rlib --extern gpui=/private/var/folders/06/t_ytth4972jbgchqwhyvgvxm0000gp/T/cargo-mutants-realloop-harness-zmtYwV.tmp/target/debug/deps/libgpui-4d77236dcb81b61c.rlib --extern insta=/private/var/folders/06/t_ytth4972jbgchqwhyvgvxm0000gp/T/cargo-mutants-realloop-harness-zmtYwV.tmp/target/debug/deps/libinsta-1232e192cd05fc80.rlib --extern kdl=/private/var/folders/06/t_ytth4972jbgchqwhyvgvxm0000gp/T/cargo-mutants-realloop-harness-zmtYwV.tmp/target/debug/deps/libkdl-2d49be1969c24845.rlib --extern libc=/private/var/folders/06/t_ytth4972jbgchqwhyvgvxm0000gp/T/cargo-mutants-realloop-harness-zmtYwV.tmp/target/debug/deps/liblibc-7284c512c01327fa.rlib --extern pretty_assertions=/private/var/folders/06/t_ytth4972jbgchqwhyvgvxm0000gp/T/cargo-mutants-realloop-harness-zmtYwV.tmp/target/debug/deps/libpretty_assertions-9ac39736644780f6.rlib --extern pulldown_cmark=/private/var/folders/06/t_ytth4972jbgchqwhyvgvxm0000gp/T/cargo-mutants-realloop-harness-zmtYwV.tmp/target/debug/deps/libpulldown_cmark-37af8e80cc59d81e.rlib --extern ropey=/private/var/folders/06/t_ytth4972jbgchqwhyvgvxm0000gp/T/cargo-mutants-realloop-harness-zmtYwV.tmp/target/debug/deps/libropey-2f5882a9a3a2ec88.rlib --extern serde=/private/var/folders/06/t_ytth4972jbgchqwhyvgvxm0000gp/T/cargo-mutants-realloop-harness-zmtYwV.tmp/target/debug/deps/libserde-09ca34f43c349f85.rlib --extern serde_json=/private/var/folders/06/t_ytth4972jbgchqwhyvgvxm0000gp/T/cargo-mutants-realloop-harness-zmtYwV.tmp/target/debug/deps/libserde_json-fbcfcf843b882ace.rlib --extern shell_words=/private/var/folders/06/t_ytth4972jbgchqwhyvgvxm0000gp/T/cargo-mutants-realloop-harness-zmtYwV.tmp/target/debug/deps/libshell_words-161b00a23a6f8419.rlib --extern syntect=/private/var/folders/06/t_ytth4972jbgchqwhyvgvxm0000gp/T/cargo-mutants-realloop-harness-zmtYwV.tmp/target/debug/deps/libsyntect-aa1e5140663c734f.rlib --extern tempfile=/private/var/folders/06/t_ytth4972jbgchqwhyvgvxm0000gp/T/cargo-mutants-realloop-harness-zmtYwV.tmp/target/debug/deps/libtempfile-c6c909224f242ca5.rlib --extern tokio=/private/var/folders/06/t_ytth4972jbgchqwhyvgvxm0000gp/T/cargo-mutants-realloop-harness-zmtYwV.tmp/target/debug/deps/libtokio-47477d36903280ff.rlib --extern tokio_util=/private/var/folders/06/t_ytth4972jbgchqwhyvgvxm0000gp/T/cargo-mutants-realloop-harness-zmtYwV.tmp/target/debug/deps/libtokio_util-d190749744391757.rlib --extern tracing=/private/var/folders/06/t_ytth4972jbgchqwhyvgvxm0000gp/T/cargo-mutants-realloop-harness-zmtYwV.tmp/target/debug/deps/libtracing-59f2da8dde2035f8.rlib --extern tracing_subscriber=/private/var/folders/06/t_ytth4972jbgchqwhyvgvxm0000gp/T/cargo-mutants-realloop-harness-zmtYwV.tmp/target/debug/deps/libtracing_subscriber-3013d80590e56595.rlib --extern tree_sitter=/private/var/folders/06/t_ytth4972jbgchqwhyvgvxm0000gp/T/cargo-mutants-realloop-harness-zmtYwV.tmp/target/debug/deps/libtree_sitter-e08d431b118c1095.rlib --extern tree_sitter_md=/private/var/folders/06/t_ytth4972jbgchqwhyvgvxm0000gp/T/cargo-mutants-realloop-harness-zmtYwV.tmp/target/debug/deps/libtree_sitter_md-3243f1d8cb94c4e8.rlib --extern ureq=/private/var/folders/06/t_ytth4972jbgchqwhyvgvxm0000gp/T/cargo-mutants-realloop-harness-zmtYwV.tmp/target/debug/deps/libureq-3dfccae6f0f8797a.rlib --extern uuid=/private/var/folders/06/t_ytth4972jbgchqwhyvgvxm0000gp/T/cargo-mutants-realloop-harness-zmtYwV.tmp/target/debug/deps/libuuid-58fde143714020f0.rlib --extern yalda=/private/var/folders/06/t_ytth4972jbgchqwhyvgvxm0000gp/T/cargo-mutants-realloop-harness-zmtYwV.tmp/target/debug/deps/libyalda-cf322d123f81154b.rlib -L native=/private/var/folders/06/t_ytth4972jbgchqwhyvgvxm0000gp/T/cargo-mutants-realloop-harness-zmtYwV.tmp/target/debug/build/libgit2-sys-b732f72f12c66050/out/build -L native=/private/var/folders/06/t_ytth4972jbgchqwhyvgvxm0000gp/T/cargo-mutants-realloop-harness-zmtYwV.tmp/target/debug/build/ring-9973b2f35933f637/out -L native=/private/var/folders/06/t_ytth4972jbgchqwhyvgvxm0000gp/T/cargo-mutants-realloop-harness-zmtYwV.tmp/target/debug/build/psm-503fddd416b2bba3/out -L native=/private/var/folders/06/t_ytth4972jbgchqwhyvgvxm0000gp/T/cargo-mutants-realloop-harness-zmtYwV.tmp/target/debug/build/tree-sitter-09104b4152ef7c42/out -L native=/private/var/folders/06/t_ytth4972jbgchqwhyvgvxm0000gp/T/cargo-mutants-realloop-harness-zmtYwV.tmp/target/debug/build/tree-sitter-md-a18ec7f487392bdb/out`
     Running `/Users/scott/.rustup/toolchains/stable-aarch64-apple-darwin/bin/rustc --crate-name yalda_channel_test --edition=2024 tests/yalda_channel_test.rs --error-format=json --json=diagnostic-rendered-ansi,artifacts,future-incompat --emit=dep-info,link -C embed-bitcode=no -C debuginfo=2 -C split-debuginfo=unpacked --test --cfg 'feature="default"' --cfg 'feature="test-support"' --cfg 'feature="unstable_session_usage"' --check-cfg 'cfg(docsrs,test)' --check-cfg 'cfg(feature, values("default", "test-support", "unstable_session_usage"))' -C metadata=ea500268e8fc92a7 -C extra-filename=-6cab6df947a3f03e --out-dir /private/var/folders/06/t_ytth4972jbgchqwhyvgvxm0000gp/T/cargo-mutants-realloop-harness-zmtYwV.tmp/target/debug/deps -C incremental=/private/var/folders/06/t_ytth4972jbgchqwhyvgvxm0000gp/T/cargo-mutants-realloop-harness-zmtYwV.tmp/target/debug/incremental -L dependency=/private/var/folders/06/t_ytth4972jbgchqwhyvgvxm0000gp/T/cargo-mutants-realloop-harness-zmtYwV.tmp/target/debug/deps --extern agent_client_protocol=/private/var/folders/06/t_ytth4972jbgchqwhyvgvxm0000gp/T/cargo-mutants-realloop-harness-zmtYwV.tmp/target/debug/deps/libagent_client_protocol-99b0ef2f175be39d.rlib --extern clap=/private/var/folders/06/t_ytth4972jbgchqwhyvgvxm0000gp/T/cargo-mutants-realloop-harness-zmtYwV.tmp/target/debug/deps/libclap-53f1eaf404a4513b.rlib --extern criterion=/private/var/folders/06/t_ytth4972jbgchqwhyvgvxm0000gp/T/cargo-mutants-realloop-harness-zmtYwV.tmp/target/debug/deps/libcriterion-e775a0c41a7b659e.rlib --extern dirs=/private/var/folders/06/t_ytth4972jbgchqwhyvgvxm0000gp/T/cargo-mutants-realloop-harness-zmtYwV.tmp/target/debug/deps/libdirs-be1e6274fe97d56a.rlib --extern futures=/private/var/folders/06/t_ytth4972jbgchqwhyvgvxm0000gp/T/cargo-mutants-realloop-harness-zmtYwV.tmp/target/debug/deps/libfutures-dcc717f698520f9b.rlib --extern gpui=/private/var/folders/06/t_ytth4972jbgchqwhyvgvxm0000gp/T/cargo-mutants-realloop-harness-zmtYwV.tmp/target/debug/deps/libgpui-4d77236dcb81b61c.rlib --extern insta=/private/var/folders/06/t_ytth4972jbgchqwhyvgvxm0000gp/T/cargo-mutants-realloop-harness-zmtYwV.tmp/target/debug/deps/libinsta-1232e192cd05fc80.rlib --extern kdl=/private/var/folders/06/t_ytth4972jbgchqwhyvgvxm0000gp/T/cargo-mutants-realloop-harness-zmtYwV.tmp/target/debug/deps/libkdl-2d49be1969c24845.rlib --extern libc=/private/var/folders/06/t_ytth4972jbgchqwhyvgvxm0000gp/T/cargo-mutants-realloop-harness-zmtYwV.tmp/target/debug/deps/liblibc-7284c512c01327fa.rlib --extern pretty_assertions=/private/var/folders/06/t_ytth4972jbgchqwhyvgvxm0000gp/T/cargo-mutants-realloop-harness-zmtYwV.tmp/target/debug/deps/libpretty_assertions-9ac39736644780f6.rlib --extern pulldown_cmark=/private/var/folders/06/t_ytth4972jbgchqwhyvgvxm0000gp/T/cargo-mutants-realloop-harness-zmtYwV.tmp/target/debug/deps/libpulldown_cmark-37af8e80cc59d81e.rlib --extern ropey=/private/var/folders/06/t_ytth4972jbgchqwhyvgvxm0000gp/T/cargo-mutants-realloop-harness-zmtYwV.tmp/target/debug/deps/libropey-2f5882a9a3a2ec88.rlib --extern serde=/private/var/folders/06/t_ytth4972jbgchqwhyvgvxm0000gp/T/cargo-mutants-realloop-harness-zmtYwV.tmp/target/debug/deps/libserde-09ca34f43c349f85.rlib --extern serde_json=/private/var/folders/06/t_ytth4972jbgchqwhyvgvxm0000gp/T/cargo-mutants-realloop-harness-zmtYwV.tmp/target/debug/deps/libserde_json-fbcfcf843b882ace.rlib --extern shell_words=/private/var/folders/06/t_ytth4972jbgchqwhyvgvxm0000gp/T/cargo-mutants-realloop-harness-zmtYwV.tmp/target/debug/deps/libshell_words-161b00a23a6f8419.rlib --extern syntect=/private/var/folders/06/t_ytth4972jbgchqwhyvgvxm0000gp/T/cargo-mutants-realloop-harness-zmtYwV.tmp/target/debug/deps/libsyntect-aa1e5140663c734f.rlib --extern tempfile=/private/var/folders/06/t_ytth4972jbgchqwhyvgvxm0000gp/T/cargo-mutants-realloop-harness-zmtYwV.tmp/target/debug/deps/libtempfile-c6c909224f242ca5.rlib --extern tokio=/private/var/folders/06/t_ytth4972jbgchqwhyvgvxm0000gp/T/cargo-mutants-realloop-harness-zmtYwV.tmp/target/debug/deps/libtokio-47477d36903280ff.rlib --extern tokio_util=/private/var/folders/06/t_ytth4972jbgchqwhyvgvxm0000gp/T/cargo-mutants-realloop-harness-zmtYwV.tmp/target/debug/deps/libtokio_util-d190749744391757.rlib --extern tracing=/private/var/folders/06/t_ytth4972jbgchqwhyvgvxm0000gp/T/cargo-mutants-realloop-harness-zmtYwV.tmp/target/debug/deps/libtracing-59f2da8dde2035f8.rlib --extern tracing_subscriber=/private/var/folders/06/t_ytth4972jbgchqwhyvgvxm0000gp/T/cargo-mutants-realloop-harness-zmtYwV.tmp/target/debug/deps/libtracing_subscriber-3013d80590e56595.rlib --extern tree_sitter=/private/var/folders/06/t_ytth4972jbgchqwhyvgvxm0000gp/T/cargo-mutants-realloop-harness-zmtYwV.tmp/target/debug/deps/libtree_sitter-e08d431b118c1095.rlib --extern tree_sitter_md=/private/var/folders/06/t_ytth4972jbgchqwhyvgvxm0000gp/T/cargo-mutants-realloop-harness-zmtYwV.tmp/target/debug/deps/libtree_sitter_md-3243f1d8cb94c4e8.rlib --extern ureq=/private/var/folders/06/t_ytth4972jbgchqwhyvgvxm0000gp/T/cargo-mutants-realloop-harness-zmtYwV.tmp/target/debug/deps/libureq-3dfccae6f0f8797a.rlib --extern uuid=/private/var/folders/06/t_ytth4972jbgchqwhyvgvxm0000gp/T/cargo-mutants-realloop-harness-zmtYwV.tmp/target/debug/deps/libuuid-58fde143714020f0.rlib --extern yalda=/private/var/folders/06/t_ytth4972jbgchqwhyvgvxm0000gp/T/cargo-mutants-realloop-harness-zmtYwV.tmp/target/debug/deps/libyalda-cf322d123f81154b.rlib -L native=/private/var/folders/06/t_ytth4972jbgchqwhyvgvxm0000gp/T/cargo-mutants-realloop-harness-zmtYwV.tmp/target/debug/build/libgit2-sys-b732f72f12c66050/out/build -L native=/private/var/folders/06/t_ytth4972jbgchqwhyvgvxm0000gp/T/cargo-mutants-realloop-harness-zmtYwV.tmp/target/debug/build/ring-9973b2f35933f637/out -L native=/private/var/folders/06/t_ytth4972jbgchqwhyvgvxm0000gp/T/cargo-mutants-realloop-harness-zmtYwV.tmp/target/debug/build/psm-503fddd416b2bba3/out -L native=/private/var/folders/06/t_ytth4972jbgchqwhyvgvxm0000gp/T/cargo-mutants-realloop-harness-zmtYwV.tmp/target/debug/build/tree-sitter-09104b4152ef7c42/out -L native=/private/var/folders/06/t_ytth4972jbgchqwhyvgvxm0000gp/T/cargo-mutants-realloop-harness-zmtYwV.tmp/target/debug/build/tree-sitter-md-a18ec7f487392bdb/out`
     Running `/Users/scott/.rustup/toolchains/stable-aarch64-apple-darwin/bin/rustc --crate-name yalda_channel --edition=2024 src/bin/yalda-channel.rs --error-format=json --json=diagnostic-rendered-ansi,artifacts,future-incompat --crate-type bin --emit=dep-info,link -C embed-bitcode=no -C debuginfo=2 -C split-debuginfo=unpacked --cfg 'feature="default"' --cfg 'feature="test-support"' --cfg 'feature="unstable_session_usage"' --check-cfg 'cfg(docsrs,test)' --check-cfg 'cfg(feature, values("default", "test-support", "unstable_session_usage"))' -C metadata=182af80bda6aacc1 -C extra-filename=-4ff109b922d42ce4 --out-dir /private/var/folders/06/t_ytth4972jbgchqwhyvgvxm0000gp/T/cargo-mutants-realloop-harness-zmtYwV.tmp/target/debug/deps -C incremental=/private/var/folders/06/t_ytth4972jbgchqwhyvgvxm0000gp/T/cargo-mutants-realloop-harness-zmtYwV.tmp/target/debug/incremental -L dependency=/private/var/folders/06/t_ytth4972jbgchqwhyvgvxm0000gp/T/cargo-mutants-realloop-harness-zmtYwV.tmp/target/debug/deps --extern agent_client_protocol=/private/var/folders/06/t_ytth4972jbgchqwhyvgvxm0000gp/T/cargo-mutants-realloop-harness-zmtYwV.tmp/target/debug/deps/libagent_client_protocol-99b0ef2f175be39d.rlib --extern clap=/private/var/folders/06/t_ytth4972jbgchqwhyvgvxm0000gp/T/cargo-mutants-realloop-harness-zmtYwV.tmp/target/debug/deps/libclap-53f1eaf404a4513b.rlib --extern dirs=/private/var/folders/06/t_ytth4972jbgchqwhyvgvxm0000gp/T/cargo-mutants-realloop-harness-zmtYwV.tmp/target/debug/deps/libdirs-be1e6274fe97d56a.rlib --extern futures=/private/var/folders/06/t_ytth4972jbgchqwhyvgvxm0000gp/T/cargo-mutants-realloop-harness-zmtYwV.tmp/target/debug/deps/libfutures-dcc717f698520f9b.rlib --extern gpui=/private/var/folders/06/t_ytth4972jbgchqwhyvgvxm0000gp/T/cargo-mutants-realloop-harness-zmtYwV.tmp/target/debug/deps/libgpui-4d77236dcb81b61c.rlib --extern kdl=/private/var/folders/06/t_ytth4972jbgchqwhyvgvxm0000gp/T/cargo-mutants-realloop-harness-zmtYwV.tmp/target/debug/deps/libkdl-2d49be1969c24845.rlib --extern libc=/private/var/folders/06/t_ytth4972jbgchqwhyvgvxm0000gp/T/cargo-mutants-realloop-harness-zmtYwV.tmp/target/debug/deps/liblibc-7284c512c01327fa.rlib --extern pulldown_cmark=/private/var/folders/06/t_ytth4972jbgchqwhyvgvxm0000gp/T/cargo-mutants-realloop-harness-zmtYwV.tmp/target/debug/deps/libpulldown_cmark-37af8e80cc59d81e.rlib --extern ropey=/private/var/folders/06/t_ytth4972jbgchqwhyvgvxm0000gp/T/cargo-mutants-realloop-harness-zmtYwV.tmp/target/debug/deps/libropey-2f5882a9a3a2ec88.rlib --extern serde=/private/var/folders/06/t_ytth4972jbgchqwhyvgvxm0000gp/T/cargo-mutants-realloop-harness-zmtYwV.tmp/target/debug/deps/libserde-09ca34f43c349f85.rlib --extern serde_json=/private/var/folders/06/t_ytth4972jbgchqwhyvgvxm0000gp/T/cargo-mutants-realloop-harness-zmtYwV.tmp/target/debug/deps/libserde_json-fbcfcf843b882ace.rlib --extern shell_words=/private/var/folders/06/t_ytth4972jbgchqwhyvgvxm0000gp/T/cargo-mutants-realloop-harness-zmtYwV.tmp/target/debug/deps/libshell_words-161b00a23a6f8419.rlib --extern syntect=/private/var/folders/06/t_ytth4972jbgchqwhyvgvxm0000gp/T/cargo-mutants-realloop-harness-zmtYwV.tmp/target/debug/deps/libsyntect-aa1e5140663c734f.rlib --extern tokio=/private/var/folders/06/t_ytth4972jbgchqwhyvgvxm0000gp/T/cargo-mutants-realloop-harness-zmtYwV.tmp/target/debug/deps/libtokio-47477d36903280ff.rlib --extern tokio_util=/private/var/folders/06/t_ytth4972jbgchqwhyvgvxm0000gp/T/cargo-mutants-realloop-harness-zmtYwV.tmp/target/debug/deps/libtokio_util-d190749744391757.rlib --extern tracing=/private/var/folders/06/t_ytth4972jbgchqwhyvgvxm0000gp/T/cargo-mutants-realloop-harness-zmtYwV.tmp/target/debug/deps/libtracing-59f2da8dde2035f8.rlib --extern tracing_subscriber=/private/var/folders/06/t_ytth4972jbgchqwhyvgvxm0000gp/T/cargo-mutants-realloop-harness-zmtYwV.tmp/target/debug/deps/libtracing_subscriber-3013d80590e56595.rlib --extern tree_sitter=/private/var/folders/06/t_ytth4972jbgchqwhyvgvxm0000gp/T/cargo-mutants-realloop-harness-zmtYwV.tmp/target/debug/deps/libtree_sitter-e08d431b118c1095.rlib --extern tree_sitter_md=/private/var/folders/06/t_ytth4972jbgchqwhyvgvxm0000gp/T/cargo-mutants-realloop-harness-zmtYwV.tmp/target/debug/deps/libtree_sitter_md-3243f1d8cb94c4e8.rlib --extern ureq=/private/var/folders/06/t_ytth4972jbgchqwhyvgvxm0000gp/T/cargo-mutants-realloop-harness-zmtYwV.tmp/target/debug/deps/libureq-3dfccae6f0f8797a.rlib --extern uuid=/private/var/folders/06/t_ytth4972jbgchqwhyvgvxm0000gp/T/cargo-mutants-realloop-harness-zmtYwV.tmp/target/debug/deps/libuuid-58fde143714020f0.rlib --extern yalda=/private/var/folders/06/t_ytth4972jbgchqwhyvgvxm0000gp/T/cargo-mutants-realloop-harness-zmtYwV.tmp/target/debug/deps/libyalda-cf322d123f81154b.rlib -L native=/private/var/folders/06/t_ytth4972jbgchqwhyvgvxm0000gp/T/cargo-mutants-realloop-harness-zmtYwV.tmp/target/debug/build/libgit2-sys-b732f72f12c66050/out/build -L native=/private/var/folders/06/t_ytth4972jbgchqwhyvgvxm0000gp/T/cargo-mutants-realloop-harness-zmtYwV.tmp/target/debug/build/ring-9973b2f35933f637/out -L native=/private/var/folders/06/t_ytth4972jbgchqwhyvgvxm0000gp/T/cargo-mutants-realloop-harness-zmtYwV.tmp/target/debug/build/psm-503fddd416b2bba3/out -L native=/private/var/folders/06/t_ytth4972jbgchqwhyvgvxm0000gp/T/cargo-mutants-realloop-harness-zmtYwV.tmp/target/debug/build/tree-sitter-09104b4152ef7c42/out -L native=/private/var/folders/06/t_ytth4972jbgchqwhyvgvxm0000gp/T/cargo-mutants-realloop-harness-zmtYwV.tmp/target/debug/build/tree-sitter-md-a18ec7f487392bdb/out`
     Running `/Users/scott/.rustup/toolchains/stable-aarch64-apple-darwin/bin/rustc --crate-name yalda_gpui --edition=2024 src/bin/yalda-gpui/main.rs --error-format=json --json=diagnostic-rendered-ansi,artifacts,future-incompat --emit=dep-info,link -C embed-bitcode=no -C debuginfo=2 -C split-debuginfo=unpacked --test --cfg 'feature="default"' --cfg 'feature="test-support"' --cfg 'feature="unstable_session_usage"' --check-cfg 'cfg(docsrs,test)' --check-cfg 'cfg(feature, values("default", "test-support", "unstable_session_usage"))' -C metadata=14bce202ba10518c -C extra-filename=-5102e82db9c8a0ce --out-dir /private/var/folders/06/t_ytth4972jbgchqwhyvgvxm0000gp/T/cargo-mutants-realloop-harness-zmtYwV.tmp/target/debug/deps -C incremental=/private/var/folders/06/t_ytth4972jbgchqwhyvgvxm0000gp/T/cargo-mutants-realloop-harness-zmtYwV.tmp/target/debug/incremental -L dependency=/private/var/folders/06/t_ytth4972jbgchqwhyvgvxm0000gp/T/cargo-mutants-realloop-harness-zmtYwV.tmp/target/debug/deps --extern agent_client_protocol=/private/var/folders/06/t_ytth4972jbgchqwhyvgvxm0000gp/T/cargo-mutants-realloop-harness-zmtYwV.tmp/target/debug/deps/libagent_client_protocol-99b0ef2f175be39d.rlib --extern clap=/private/var/folders/06/t_ytth4972jbgchqwhyvgvxm0000gp/T/cargo-mutants-realloop-harness-zmtYwV.tmp/target/debug/deps/libclap-53f1eaf404a4513b.rlib --extern criterion=/private/var/folders/06/t_ytth4972jbgchqwhyvgvxm0000gp/T/cargo-mutants-realloop-harness-zmtYwV.tmp/target/debug/deps/libcriterion-e775a0c41a7b659e.rlib --extern dirs=/private/var/folders/06/t_ytth4972jbgchqwhyvgvxm0000gp/T/cargo-mutants-realloop-harness-zmtYwV.tmp/target/debug/deps/libdirs-be1e6274fe97d56a.rlib --extern futures=/private/var/folders/06/t_ytth4972jbgchqwhyvgvxm0000gp/T/cargo-mutants-realloop-harness-zmtYwV.tmp/target/debug/deps/libfutures-dcc717f698520f9b.rlib --extern gpui=/private/var/folders/06/t_ytth4972jbgchqwhyvgvxm0000gp/T/cargo-mutants-realloop-harness-zmtYwV.tmp/target/debug/deps/libgpui-4d77236dcb81b61c.rlib --extern insta=/private/var/folders/06/t_ytth4972jbgchqwhyvgvxm0000gp/T/cargo-mutants-realloop-harness-zmtYwV.tmp/target/debug/deps/libinsta-1232e192cd05fc80.rlib --extern kdl=/private/var/folders/06/t_ytth4972jbgchqwhyvgvxm0000gp/T/cargo-mutants-realloop-harness-zmtYwV.tmp/target/debug/deps/libkdl-2d49be1969c24845.rlib --extern libc=/private/var/folders/06/t_ytth4972jbgchqwhyvgvxm0000gp/T/cargo-mutants-realloop-harness-zmtYwV.tmp/target/debug/deps/liblibc-7284c512c01327fa.rlib --extern pretty_assertions=/private/var/folders/06/t_ytth4972jbgchqwhyvgvxm0000gp/T/cargo-mutants-realloop-harness-zmtYwV.tmp/target/debug/deps/libpretty_assertions-9ac39736644780f6.rlib --extern pulldown_cmark=/private/var/folders/06/t_ytth4972jbgchqwhyvgvxm0000gp/T/cargo-mutants-realloop-harness-zmtYwV.tmp/target/debug/deps/libpulldown_cmark-37af8e80cc59d81e.rlib --extern ropey=/private/var/folders/06/t_ytth4972jbgchqwhyvgvxm0000gp/T/cargo-mutants-realloop-harness-zmtYwV.tmp/target/debug/deps/libropey-2f5882a9a3a2ec88.rlib --extern serde=/private/var/folders/06/t_ytth4972jbgchqwhyvgvxm0000gp/T/cargo-mutants-realloop-harness-zmtYwV.tmp/target/debug/deps/libserde-09ca34f43c349f85.rlib --extern serde_json=/private/var/folders/06/t_ytth4972jbgchqwhyvgvxm0000gp/T/cargo-mutants-realloop-harness-zmtYwV.tmp/target/debug/deps/libserde_json-fbcfcf843b882ace.rlib --extern shell_words=/private/var/folders/06/t_ytth4972jbgchqwhyvgvxm0000gp/T/cargo-mutants-realloop-harness-zmtYwV.tmp/target/debug/deps/libshell_words-161b00a23a6f8419.rlib --extern syntect=/private/var/folders/06/t_ytth4972jbgchqwhyvgvxm0000gp/T/cargo-mutants-realloop-harness-zmtYwV.tmp/target/debug/deps/libsyntect-aa1e5140663c734f.rlib --extern tempfile=/private/var/folders/06/t_ytth4972jbgchqwhyvgvxm0000gp/T/cargo-mutants-realloop-harness-zmtYwV.tmp/target/debug/deps/libtempfile-c6c909224f242ca5.rlib --extern tokio=/private/var/folders/06/t_ytth4972jbgchqwhyvgvxm0000gp/T/cargo-mutants-realloop-harness-zmtYwV.tmp/target/debug/deps/libtokio-47477d36903280ff.rlib --extern tokio_util=/private/var/folders/06/t_ytth4972jbgchqwhyvgvxm0000gp/T/cargo-mutants-realloop-harness-zmtYwV.tmp/target/debug/deps/libtokio_util-d190749744391757.rlib --extern tracing=/private/var/folders/06/t_ytth4972jbgchqwhyvgvxm0000gp/T/cargo-mutants-realloop-harness-zmtYwV.tmp/target/debug/deps/libtracing-59f2da8dde2035f8.rlib --extern tracing_subscriber=/private/var/folders/06/t_ytth4972jbgchqwhyvgvxm0000gp/T/cargo-mutants-realloop-harness-zmtYwV.tmp/target/debug/deps/libtracing_subscriber-3013d80590e56595.rlib --extern tree_sitter=/private/var/folders/06/t_ytth4972jbgchqwhyvgvxm0000gp/T/cargo-mutants-realloop-harness-zmtYwV.tmp/target/debug/deps/libtree_sitter-e08d431b118c1095.rlib --extern tree_sitter_md=/private/var/folders/06/t_ytth4972jbgchqwhyvgvxm0000gp/T/cargo-mutants-realloop-harness-zmtYwV.tmp/target/debug/deps/libtree_sitter_md-3243f1d8cb94c4e8.rlib --extern ureq=/private/var/folders/06/t_ytth4972jbgchqwhyvgvxm0000gp/T/cargo-mutants-realloop-harness-zmtYwV.tmp/target/debug/deps/libureq-3dfccae6f0f8797a.rlib --extern uuid=/private/var/folders/06/t_ytth4972jbgchqwhyvgvxm0000gp/T/cargo-mutants-realloop-harness-zmtYwV.tmp/target/debug/deps/libuuid-58fde143714020f0.rlib --extern yalda=/private/var/folders/06/t_ytth4972jbgchqwhyvgvxm0000gp/T/cargo-mutants-realloop-harness-zmtYwV.tmp/target/debug/deps/libyalda-cf322d123f81154b.rlib -L native=/private/var/folders/06/t_ytth4972jbgchqwhyvgvxm0000gp/T/cargo-mutants-realloop-harness-zmtYwV.tmp/target/debug/build/libgit2-sys-b732f72f12c66050/out/build -L native=/private/var/folders/06/t_ytth4972jbgchqwhyvgvxm0000gp/T/cargo-mutants-realloop-harness-zmtYwV.tmp/target/debug/build/ring-9973b2f35933f637/out -L native=/private/var/folders/06/t_ytth4972jbgchqwhyvgvxm0000gp/T/cargo-mutants-realloop-harness-zmtYwV.tmp/target/debug/build/psm-503fddd416b2bba3/out -L native=/private/var/folders/06/t_ytth4972jbgchqwhyvgvxm0000gp/T/cargo-mutants-realloop-harness-zmtYwV.tmp/target/debug/build/tree-sitter-09104b4152ef7c42/out -L native=/private/var/folders/06/t_ytth4972jbgchqwhyvgvxm0000gp/T/cargo-mutants-realloop-harness-zmtYwV.tmp/target/debug/build/tree-sitter-md-a18ec7f487392bdb/out`
     Running `/Users/scott/.rustup/toolchains/stable-aarch64-apple-darwin/bin/rustc --crate-name agent_transport_fake_test --edition=2024 tests/agent_transport_fake_test.rs --error-format=json --json=diagnostic-rendered-ansi,artifacts,future-incompat --emit=dep-info,link -C embed-bitcode=no -C debuginfo=2 -C split-debuginfo=unpacked --test --cfg 'feature="default"' --cfg 'feature="test-support"' --cfg 'feature="unstable_session_usage"' --check-cfg 'cfg(docsrs,test)' --check-cfg 'cfg(feature, values("default", "test-support", "unstable_session_usage"))' -C metadata=a86bf21e066b1c7d -C extra-filename=-e9f6b1a189abd2b9 --out-dir /private/var/folders/06/t_ytth4972jbgchqwhyvgvxm0000gp/T/cargo-mutants-realloop-harness-zmtYwV.tmp/target/debug/deps -C incremental=/private/var/folders/06/t_ytth4972jbgchqwhyvgvxm0000gp/T/cargo-mutants-realloop-harness-zmtYwV.tmp/target/debug/incremental -L dependency=/private/var/folders/06/t_ytth4972jbgchqwhyvgvxm0000gp/T/cargo-mutants-realloop-harness-zmtYwV.tmp/target/debug/deps --extern agent_client_protocol=/private/var/folders/06/t_ytth4972jbgchqwhyvgvxm0000gp/T/cargo-mutants-realloop-harness-zmtYwV.tmp/target/debug/deps/libagent_client_protocol-99b0ef2f175be39d.rlib --extern clap=/private/var/folders/06/t_ytth4972jbgchqwhyvgvxm0000gp/T/cargo-mutants-realloop-harness-zmtYwV.tmp/target/debug/deps/libclap-53f1eaf404a4513b.rlib --extern criterion=/private/var/folders/06/t_ytth4972jbgchqwhyvgvxm0000gp/T/cargo-mutants-realloop-harness-zmtYwV.tmp/target/debug/deps/libcriterion-e775a0c41a7b659e.rlib --extern dirs=/private/var/folders/06/t_ytth4972jbgchqwhyvgvxm0000gp/T/cargo-mutants-realloop-harness-zmtYwV.tmp/target/debug/deps/libdirs-be1e6274fe97d56a.rlib --extern futures=/private/var/folders/06/t_ytth4972jbgchqwhyvgvxm0000gp/T/cargo-mutants-realloop-harness-zmtYwV.tmp/target/debug/deps/libfutures-dcc717f698520f9b.rlib --extern gpui=/private/var/folders/06/t_ytth4972jbgchqwhyvgvxm0000gp/T/cargo-mutants-realloop-harness-zmtYwV.tmp/target/debug/deps/libgpui-4d77236dcb81b61c.rlib --extern insta=/private/var/folders/06/t_ytth4972jbgchqwhyvgvxm0000gp/T/cargo-mutants-realloop-harness-zmtYwV.tmp/target/debug/deps/libinsta-1232e192cd05fc80.rlib --extern kdl=/private/var/folders/06/t_ytth4972jbgchqwhyvgvxm0000gp/T/cargo-mutants-realloop-harness-zmtYwV.tmp/target/debug/deps/libkdl-2d49be1969c24845.rlib --extern libc=/private/var/folders/06/t_ytth4972jbgchqwhyvgvxm0000gp/T/cargo-mutants-realloop-harness-zmtYwV.tmp/target/debug/deps/liblibc-7284c512c01327fa.rlib --extern pretty_assertions=/private/var/folders/06/t_ytth4972jbgchqwhyvgvxm0000gp/T/cargo-mutants-realloop-harness-zmtYwV.tmp/target/debug/deps/libpretty_assertions-9ac39736644780f6.rlib --extern pulldown_cmark=/private/var/folders/06/t_ytth4972jbgchqwhyvgvxm0000gp/T/cargo-mutants-realloop-harness-zmtYwV.tmp/target/debug/deps/libpulldown_cmark-37af8e80cc59d81e.rlib --extern ropey=/private/var/folders/06/t_ytth4972jbgchqwhyvgvxm0000gp/T/cargo-mutants-realloop-harness-zmtYwV.tmp/target/debug/deps/libropey-2f5882a9a3a2ec88.rlib --extern serde=/private/var/folders/06/t_ytth4972jbgchqwhyvgvxm0000gp/T/cargo-mutants-realloop-harness-zmtYwV.tmp/target/debug/deps/libserde-09ca34f43c349f85.rlib --extern serde_json=/private/var/folders/06/t_ytth4972jbgchqwhyvgvxm0000gp/T/cargo-mutants-realloop-harness-zmtYwV.tmp/target/debug/deps/libserde_json-fbcfcf843b882ace.rlib --extern shell_words=/private/var/folders/06/t_ytth4972jbgchqwhyvgvxm0000gp/T/cargo-mutants-realloop-harness-zmtYwV.tmp/target/debug/deps/libshell_words-161b00a23a6f8419.rlib --extern syntect=/private/var/folders/06/t_ytth4972jbgchqwhyvgvxm0000gp/T/cargo-mutants-realloop-harness-zmtYwV.tmp/target/debug/deps/libsyntect-aa1e5140663c734f.rlib --extern tempfile=/private/var/folders/06/t_ytth4972jbgchqwhyvgvxm0000gp/T/cargo-mutants-realloop-harness-zmtYwV.tmp/target/debug/deps/libtempfile-c6c909224f242ca5.rlib --extern tokio=/private/var/folders/06/t_ytth4972jbgchqwhyvgvxm0000gp/T/cargo-mutants-realloop-harness-zmtYwV.tmp/target/debug/deps/libtokio-47477d36903280ff.rlib --extern tokio_util=/private/var/folders/06/t_ytth4972jbgchqwhyvgvxm0000gp/T/cargo-mutants-realloop-harness-zmtYwV.tmp/target/debug/deps/libtokio_util-d190749744391757.rlib --extern tracing=/private/var/folders/06/t_ytth4972jbgchqwhyvgvxm0000gp/T/cargo-mutants-realloop-harness-zmtYwV.tmp/target/debug/deps/libtracing-59f2da8dde2035f8.rlib --extern tracing_subscriber=/private/var/folders/06/t_ytth4972jbgchqwhyvgvxm0000gp/T/cargo-mutants-realloop-harness-zmtYwV.tmp/target/debug/deps/libtracing_subscriber-3013d80590e56595.rlib --extern tree_sitter=/private/var/folders/06/t_ytth4972jbgchqwhyvgvxm0000gp/T/cargo-mutants-realloop-harness-zmtYwV.tmp/target/debug/deps/libtree_sitter-e08d431b118c1095.rlib --extern tree_sitter_md=/private/var/folders/06/t_ytth4972jbgchqwhyvgvxm0000gp/T/cargo-mutants-realloop-harness-zmtYwV.tmp/target/debug/deps/libtree_sitter_md-3243f1d8cb94c4e8.rlib --extern ureq=/private/var/folders/06/t_ytth4972jbgchqwhyvgvxm0000gp/T/cargo-mutants-realloop-harness-zmtYwV.tmp/target/debug/deps/libureq-3dfccae6f0f8797a.rlib --extern uuid=/private/var/folders/06/t_ytth4972jbgchqwhyvgvxm0000gp/T/cargo-mutants-realloop-harness-zmtYwV.tmp/target/debug/deps/libuuid-58fde143714020f0.rlib --extern yalda=/private/var/folders/06/t_ytth4972jbgchqwhyvgvxm0000gp/T/cargo-mutants-realloop-harness-zmtYwV.tmp/target/debug/deps/libyalda-cf322d123f81154b.rlib -L native=/private/var/folders/06/t_ytth4972jbgchqwhyvgvxm0000gp/T/cargo-mutants-realloop-harness-zmtYwV.tmp/target/debug/build/libgit2-sys-b732f72f12c66050/out/build -L native=/private/var/folders/06/t_ytth4972jbgchqwhyvgvxm0000gp/T/cargo-mutants-realloop-harness-zmtYwV.tmp/target/debug/build/ring-9973b2f35933f637/out -L native=/private/var/folders/06/t_ytth4972jbgchqwhyvgvxm0000gp/T/cargo-mutants-realloop-harness-zmtYwV.tmp/target/debug/build/psm-503fddd416b2bba3/out -L native=/private/var/folders/06/t_ytth4972jbgchqwhyvgvxm0000gp/T/cargo-mutants-realloop-harness-zmtYwV.tmp/target/debug/build/tree-sitter-09104b4152ef7c42/out -L native=/private/var/folders/06/t_ytth4972jbgchqwhyvgvxm0000gp/T/cargo-mutants-realloop-harness-zmtYwV.tmp/target/debug/build/tree-sitter-md-a18ec7f487392bdb/out`
     Running `/Users/scott/.rustup/toolchains/stable-aarch64-apple-darwin/bin/rustc --crate-name session_transcript_test --edition=2024 tests/session_transcript_test.rs --error-format=json --json=diagnostic-rendered-ansi,artifacts,future-incompat --emit=dep-info,link -C embed-bitcode=no -C debuginfo=2 -C split-debuginfo=unpacked --test --cfg 'feature="default"' --cfg 'feature="test-support"' --cfg 'feature="unstable_session_usage"' --check-cfg 'cfg(docsrs,test)' --check-cfg 'cfg(feature, values("default", "test-support", "unstable_session_usage"))' -C metadata=8f20523ba53f7d63 -C extra-filename=-3f886eea414fbce7 --out-dir /private/var/folders/06/t_ytth4972jbgchqwhyvgvxm0000gp/T/cargo-mutants-realloop-harness-zmtYwV.tmp/target/debug/deps -C incremental=/private/var/folders/06/t_ytth4972jbgchqwhyvgvxm0000gp/T/cargo-mutants-realloop-harness-zmtYwV.tmp/target/debug/incremental -L dependency=/private/var/folders/06/t_ytth4972jbgchqwhyvgvxm0000gp/T/cargo-mutants-realloop-harness-zmtYwV.tmp/target/debug/deps --extern agent_client_protocol=/private/var/folders/06/t_ytth4972jbgchqwhyvgvxm0000gp/T/cargo-mutants-realloop-harness-zmtYwV.tmp/target/debug/deps/libagent_client_protocol-99b0ef2f175be39d.rlib --extern clap=/private/var/folders/06/t_ytth4972jbgchqwhyvgvxm0000gp/T/cargo-mutants-realloop-harness-zmtYwV.tmp/target/debug/deps/libclap-53f1eaf404a4513b.rlib --extern criterion=/private/var/folders/06/t_ytth4972jbgchqwhyvgvxm0000gp/T/cargo-mutants-realloop-harness-zmtYwV.tmp/target/debug/deps/libcriterion-e775a0c41a7b659e.rlib --extern dirs=/private/var/folders/06/t_ytth4972jbgchqwhyvgvxm0000gp/T/cargo-mutants-realloop-harness-zmtYwV.tmp/target/debug/deps/libdirs-be1e6274fe97d56a.rlib --extern futures=/private/var/folders/06/t_ytth4972jbgchqwhyvgvxm0000gp/T/cargo-mutants-realloop-harness-zmtYwV.tmp/target/debug/deps/libfutures-dcc717f698520f9b.rlib --extern gpui=/private/var/folders/06/t_ytth4972jbgchqwhyvgvxm0000gp/T/cargo-mutants-realloop-harness-zmtYwV.tmp/target/debug/deps/libgpui-4d77236dcb81b61c.rlib --extern insta=/private/var/folders/06/t_ytth4972jbgchqwhyvgvxm0000gp/T/cargo-mutants-realloop-harness-zmtYwV.tmp/target/debug/deps/libinsta-1232e192cd05fc80.rlib --extern kdl=/private/var/folders/06/t_ytth4972jbgchqwhyvgvxm0000gp/T/cargo-mutants-realloop-harness-zmtYwV.tmp/target/debug/deps/libkdl-2d49be1969c24845.rlib --extern libc=/private/var/folders/06/t_ytth4972jbgchqwhyvgvxm0000gp/T/cargo-mutants-realloop-harness-zmtYwV.tmp/target/debug/deps/liblibc-7284c512c01327fa.rlib --extern pretty_assertions=/private/var/folders/06/t_ytth4972jbgchqwhyvgvxm0000gp/T/cargo-mutants-realloop-harness-zmtYwV.tmp/target/debug/deps/libpretty_assertions-9ac39736644780f6.rlib --extern pulldown_cmark=/private/var/folders/06/t_ytth4972jbgchqwhyvgvxm0000gp/T/cargo-mutants-realloop-harness-zmtYwV.tmp/target/debug/deps/libpulldown_cmark-37af8e80cc59d81e.rlib --extern ropey=/private/var/folders/06/t_ytth4972jbgchqwhyvgvxm0000gp/T/cargo-mutants-realloop-harness-zmtYwV.tmp/target/debug/deps/libropey-2f5882a9a3a2ec88.rlib --extern serde=/private/var/folders/06/t_ytth4972jbgchqwhyvgvxm0000gp/T/cargo-mutants-realloop-harness-zmtYwV.tmp/target/debug/deps/libserde-09ca34f43c349f85.rlib --extern serde_json=/private/var/folders/06/t_ytth4972jbgchqwhyvgvxm0000gp/T/cargo-mutants-realloop-harness-zmtYwV.tmp/target/debug/deps/libserde_json-fbcfcf843b882ace.rlib --extern shell_words=/private/var/folders/06/t_ytth4972jbgchqwhyvgvxm0000gp/T/cargo-mutants-realloop-harness-zmtYwV.tmp/target/debug/deps/libshell_words-161b00a23a6f8419.rlib --extern syntect=/private/var/folders/06/t_ytth4972jbgchqwhyvgvxm0000gp/T/cargo-mutants-realloop-harness-zmtYwV.tmp/target/debug/deps/libsyntect-aa1e5140663c734f.rlib --extern tempfile=/private/var/folders/06/t_ytth4972jbgchqwhyvgvxm0000gp/T/cargo-mutants-realloop-harness-zmtYwV.tmp/target/debug/deps/libtempfile-c6c909224f242ca5.rlib --extern tokio=/private/var/folders/06/t_ytth4972jbgchqwhyvgvxm0000gp/T/cargo-mutants-realloop-harness-zmtYwV.tmp/target/debug/deps/libtokio-47477d36903280ff.rlib --extern tokio_util=/private/var/folders/06/t_ytth4972jbgchqwhyvgvxm0000gp/T/cargo-mutants-realloop-harness-zmtYwV.tmp/target/debug/deps/libtokio_util-d190749744391757.rlib --extern tracing=/private/var/folders/06/t_ytth4972jbgchqwhyvgvxm0000gp/T/cargo-mutants-realloop-harness-zmtYwV.tmp/target/debug/deps/libtracing-59f2da8dde2035f8.rlib --extern tracing_subscriber=/private/var/folders/06/t_ytth4972jbgchqwhyvgvxm0000gp/T/cargo-mutants-realloop-harness-zmtYwV.tmp/target/debug/deps/libtracing_subscriber-3013d80590e56595.rlib --extern tree_sitter=/private/var/folders/06/t_ytth4972jbgchqwhyvgvxm0000gp/T/cargo-mutants-realloop-harness-zmtYwV.tmp/target/debug/deps/libtree_sitter-e08d431b118c1095.rlib --extern tree_sitter_md=/private/var/folders/06/t_ytth4972jbgchqwhyvgvxm0000gp/T/cargo-mutants-realloop-harness-zmtYwV.tmp/target/debug/deps/libtree_sitter_md-3243f1d8cb94c4e8.rlib --extern ureq=/private/var/folders/06/t_ytth4972jbgchqwhyvgvxm0000gp/T/cargo-mutants-realloop-harness-zmtYwV.tmp/target/debug/deps/libureq-3dfccae6f0f8797a.rlib --extern uuid=/private/var/folders/06/t_ytth4972jbgchqwhyvgvxm0000gp/T/cargo-mutants-realloop-harness-zmtYwV.tmp/target/debug/deps/libuuid-58fde143714020f0.rlib --extern yalda=/private/var/folders/06/t_ytth4972jbgchqwhyvgvxm0000gp/T/cargo-mutants-realloop-harness-zmtYwV.tmp/target/debug/deps/libyalda-cf322d123f81154b.rlib -L native=/private/var/folders/06/t_ytth4972jbgchqwhyvgvxm0000gp/T/cargo-mutants-realloop-harness-zmtYwV.tmp/target/debug/build/libgit2-sys-b732f72f12c66050/out/build -L native=/private/var/folders/06/t_ytth4972jbgchqwhyvgvxm0000gp/T/cargo-mutants-realloop-harness-zmtYwV.tmp/target/debug/build/ring-9973b2f35933f637/out -L native=/private/var/folders/06/t_ytth4972jbgchqwhyvgvxm0000gp/T/cargo-mutants-realloop-harness-zmtYwV.tmp/target/debug/build/psm-503fddd416b2bba3/out -L native=/private/var/folders/06/t_ytth4972jbgchqwhyvgvxm0000gp/T/cargo-mutants-realloop-harness-zmtYwV.tmp/target/debug/build/tree-sitter-09104b4152ef7c42/out -L native=/private/var/folders/06/t_ytth4972jbgchqwhyvgvxm0000gp/T/cargo-mutants-realloop-harness-zmtYwV.tmp/target/debug/build/tree-sitter-md-a18ec7f487392bdb/out`
     Running `/Users/scott/.rustup/toolchains/stable-aarch64-apple-darwin/bin/rustc --crate-name keybind_test --edition=2024 tests/keybind_test.rs --error-format=json --json=diagnostic-rendered-ansi,artifacts,future-incompat --emit=dep-info,link -C embed-bitcode=no -C debuginfo=2 -C split-debuginfo=unpacked --test --cfg 'feature="default"' --cfg 'feature="test-support"' --cfg 'feature="unstable_session_usage"' --check-cfg 'cfg(docsrs,test)' --check-cfg 'cfg(feature, values("default", "test-support", "unstable_session_usage"))' -C metadata=3e570d3767ca1eb8 -C extra-filename=-ef3e809c116c4286 --out-dir /private/var/folders/06/t_ytth4972jbgchqwhyvgvxm0000gp/T/cargo-mutants-realloop-harness-zmtYwV.tmp/target/debug/deps -C incremental=/private/var/folders/06/t_ytth4972jbgchqwhyvgvxm0000gp/T/cargo-mutants-realloop-harness-zmtYwV.tmp/target/debug/incremental -L dependency=/private/var/folders/06/t_ytth4972jbgchqwhyvgvxm0000gp/T/cargo-mutants-realloop-harness-zmtYwV.tmp/target/debug/deps --extern agent_client_protocol=/private/var/folders/06/t_ytth4972jbgchqwhyvgvxm0000gp/T/cargo-mutants-realloop-harness-zmtYwV.tmp/target/debug/deps/libagent_client_protocol-99b0ef2f175be39d.rlib --extern clap=/private/var/folders/06/t_ytth4972jbgchqwhyvgvxm0000gp/T/cargo-mutants-realloop-harness-zmtYwV.tmp/target/debug/deps/libclap-53f1eaf404a4513b.rlib --extern criterion=/private/var/folders/06/t_ytth4972jbgchqwhyvgvxm0000gp/T/cargo-mutants-realloop-harness-zmtYwV.tmp/target/debug/deps/libcriterion-e775a0c41a7b659e.rlib --extern dirs=/private/var/folders/06/t_ytth4972jbgchqwhyvgvxm0000gp/T/cargo-mutants-realloop-harness-zmtYwV.tmp/target/debug/deps/libdirs-be1e6274fe97d56a.rlib --extern futures=/private/var/folders/06/t_ytth4972jbgchqwhyvgvxm0000gp/T/cargo-mutants-realloop-harness-zmtYwV.tmp/target/debug/deps/libfutures-dcc717f698520f9b.rlib --extern gpui=/private/var/folders/06/t_ytth4972jbgchqwhyvgvxm0000gp/T/cargo-mutants-realloop-harness-zmtYwV.tmp/target/debug/deps/libgpui-4d77236dcb81b61c.rlib --extern insta=/private/var/folders/06/t_ytth4972jbgchqwhyvgvxm0000gp/T/cargo-mutants-realloop-harness-zmtYwV.tmp/target/debug/deps/libinsta-1232e192cd05fc80.rlib --extern kdl=/private/var/folders/06/t_ytth4972jbgchqwhyvgvxm0000gp/T/cargo-mutants-realloop-harness-zmtYwV.tmp/target/debug/deps/libkdl-2d49be1969c24845.rlib --extern libc=/private/var/folders/06/t_ytth4972jbgchqwhyvgvxm0000gp/T/cargo-mutants-realloop-harness-zmtYwV.tmp/target/debug/deps/liblibc-7284c512c01327fa.rlib --extern pretty_assertions=/private/var/folders/06/t_ytth4972jbgchqwhyvgvxm0000gp/T/cargo-mutants-realloop-harness-zmtYwV.tmp/target/debug/deps/libpretty_assertions-9ac39736644780f6.rlib --extern pulldown_cmark=/private/var/folders/06/t_ytth4972jbgchqwhyvgvxm0000gp/T/cargo-mutants-realloop-harness-zmtYwV.tmp/target/debug/deps/libpulldown_cmark-37af8e80cc59d81e.rlib --extern ropey=/private/var/folders/06/t_ytth4972jbgchqwhyvgvxm0000gp/T/cargo-mutants-realloop-harness-zmtYwV.tmp/target/debug/deps/libropey-2f5882a9a3a2ec88.rlib --extern serde=/private/var/folders/06/t_ytth4972jbgchqwhyvgvxm0000gp/T/cargo-mutants-realloop-harness-zmtYwV.tmp/target/debug/deps/libserde-09ca34f43c349f85.rlib --extern serde_json=/private/var/folders/06/t_ytth4972jbgchqwhyvgvxm0000gp/T/cargo-mutants-realloop-harness-zmtYwV.tmp/target/debug/deps/libserde_json-fbcfcf843b882ace.rlib --extern shell_words=/private/var/folders/06/t_ytth4972jbgchqwhyvgvxm0000gp/T/cargo-mutants-realloop-harness-zmtYwV.tmp/target/debug/deps/libshell_words-161b00a23a6f8419.rlib --extern syntect=/private/var/folders/06/t_ytth4972jbgchqwhyvgvxm0000gp/T/cargo-mutants-realloop-harness-zmtYwV.tmp/target/debug/deps/libsyntect-aa1e5140663c734f.rlib --extern tempfile=/private/var/folders/06/t_ytth4972jbgchqwhyvgvxm0000gp/T/cargo-mutants-realloop-harness-zmtYwV.tmp/target/debug/deps/libtempfile-c6c909224f242ca5.rlib --extern tokio=/private/var/folders/06/t_ytth4972jbgchqwhyvgvxm0000gp/T/cargo-mutants-realloop-harness-zmtYwV.tmp/target/debug/deps/libtokio-47477d36903280ff.rlib --extern tokio_util=/private/var/folders/06/t_ytth4972jbgchqwhyvgvxm0000gp/T/cargo-mutants-realloop-harness-zmtYwV.tmp/target/debug/deps/libtokio_util-d190749744391757.rlib --extern tracing=/private/var/folders/06/t_ytth4972jbgchqwhyvgvxm0000gp/T/cargo-mutants-realloop-harness-zmtYwV.tmp/target/debug/deps/libtracing-59f2da8dde2035f8.rlib --extern tracing_subscriber=/private/var/folders/06/t_ytth4972jbgchqwhyvgvxm0000gp/T/cargo-mutants-realloop-harness-zmtYwV.tmp/target/debug/deps/libtracing_subscriber-3013d80590e56595.rlib --extern tree_sitter=/private/var/folders/06/t_ytth4972jbgchqwhyvgvxm0000gp/T/cargo-mutants-realloop-harness-zmtYwV.tmp/target/debug/deps/libtree_sitter-e08d431b118c1095.rlib --extern tree_sitter_md=/private/var/folders/06/t_ytth4972jbgchqwhyvgvxm0000gp/T/cargo-mutants-realloop-harness-zmtYwV.tmp/target/debug/deps/libtree_sitter_md-3243f1d8cb94c4e8.rlib --extern ureq=/private/var/folders/06/t_ytth4972jbgchqwhyvgvxm0000gp/T/cargo-mutants-realloop-harness-zmtYwV.tmp/target/debug/deps/libureq-3dfccae6f0f8797a.rlib --extern uuid=/private/var/folders/06/t_ytth4972jbgchqwhyvgvxm0000gp/T/cargo-mutants-realloop-harness-zmtYwV.tmp/target/debug/deps/libuuid-58fde143714020f0.rlib --extern yalda=/private/var/folders/06/t_ytth4972jbgchqwhyvgvxm0000gp/T/cargo-mutants-realloop-harness-zmtYwV.tmp/target/debug/deps/libyalda-cf322d123f81154b.rlib -L native=/private/var/folders/06/t_ytth4972jbgchqwhyvgvxm0000gp/T/cargo-mutants-realloop-harness-zmtYwV.tmp/target/debug/build/libgit2-sys-b732f72f12c66050/out/build -L native=/private/var/folders/06/t_ytth4972jbgchqwhyvgvxm0000gp/T/cargo-mutants-realloop-harness-zmtYwV.tmp/target/debug/build/ring-9973b2f35933f637/out -L native=/private/var/folders/06/t_ytth4972jbgchqwhyvgvxm0000gp/T/cargo-mutants-realloop-harness-zmtYwV.tmp/target/debug/build/psm-503fddd416b2bba3/out -L native=/private/var/folders/06/t_ytth4972jbgchqwhyvgvxm0000gp/T/cargo-mutants-realloop-harness-zmtYwV.tmp/target/debug/build/tree-sitter-09104b4152ef7c42/out -L native=/private/var/folders/06/t_ytth4972jbgchqwhyvgvxm0000gp/T/cargo-mutants-realloop-harness-zmtYwV.tmp/target/debug/build/tree-sitter-md-a18ec7f487392bdb/out`
     Running `/Users/scott/.rustup/toolchains/stable-aarch64-apple-darwin/bin/rustc --crate-name render_test --edition=2024 tests/render_test.rs --error-format=json --json=diagnostic-rendered-ansi,artifacts,future-incompat --emit=dep-info,link -C embed-bitcode=no -C debuginfo=2 -C split-debuginfo=unpacked --test --cfg 'feature="default"' --cfg 'feature="test-support"' --cfg 'feature="unstable_session_usage"' --check-cfg 'cfg(docsrs,test)' --check-cfg 'cfg(feature, values("default", "test-support", "unstable_session_usage"))' -C metadata=18bd9cbfe1898116 -C extra-filename=-afe7e60601c7ce92 --out-dir /private/var/folders/06/t_ytth4972jbgchqwhyvgvxm0000gp/T/cargo-mutants-realloop-harness-zmtYwV.tmp/target/debug/deps -C incremental=/private/var/folders/06/t_ytth4972jbgchqwhyvgvxm0000gp/T/cargo-mutants-realloop-harness-zmtYwV.tmp/target/debug/incremental -L dependency=/private/var/folders/06/t_ytth4972jbgchqwhyvgvxm0000gp/T/cargo-mutants-realloop-harness-zmtYwV.tmp/target/debug/deps --extern agent_client_protocol=/private/var/folders/06/t_ytth4972jbgchqwhyvgvxm0000gp/T/cargo-mutants-realloop-harness-zmtYwV.tmp/target/debug/deps/libagent_client_protocol-99b0ef2f175be39d.rlib --extern clap=/private/var/folders/06/t_ytth4972jbgchqwhyvgvxm0000gp/T/cargo-mutants-realloop-harness-zmtYwV.tmp/target/debug/deps/libclap-53f1eaf404a4513b.rlib --extern criterion=/private/var/folders/06/t_ytth4972jbgchqwhyvgvxm0000gp/T/cargo-mutants-realloop-harness-zmtYwV.tmp/target/debug/deps/libcriterion-e775a0c41a7b659e.rlib --extern dirs=/private/var/folders/06/t_ytth4972jbgchqwhyvgvxm0000gp/T/cargo-mutants-realloop-harness-zmtYwV.tmp/target/debug/deps/libdirs-be1e6274fe97d56a.rlib --extern futures=/private/var/folders/06/t_ytth4972jbgchqwhyvgvxm0000gp/T/cargo-mutants-realloop-harness-zmtYwV.tmp/target/debug/deps/libfutures-dcc717f698520f9b.rlib --extern gpui=/private/var/folders/06/t_ytth4972jbgchqwhyvgvxm0000gp/T/cargo-mutants-realloop-harness-zmtYwV.tmp/target/debug/deps/libgpui-4d77236dcb81b61c.rlib --extern insta=/private/var/folders/06/t_ytth4972jbgchqwhyvgvxm0000gp/T/cargo-mutants-realloop-harness-zmtYwV.tmp/target/debug/deps/libinsta-1232e192cd05fc80.rlib --extern kdl=/private/var/folders/06/t_ytth4972jbgchqwhyvgvxm0000gp/T/cargo-mutants-realloop-harness-zmtYwV.tmp/target/debug/deps/libkdl-2d49be1969c24845.rlib --extern libc=/private/var/folders/06/t_ytth4972jbgchqwhyvgvxm0000gp/T/cargo-mutants-realloop-harness-zmtYwV.tmp/target/debug/deps/liblibc-7284c512c01327fa.rlib --extern pretty_assertions=/private/var/folders/06/t_ytth4972jbgchqwhyvgvxm0000gp/T/cargo-mutants-realloop-harness-zmtYwV.tmp/target/debug/deps/libpretty_assertions-9ac39736644780f6.rlib --extern pulldown_cmark=/private/var/folders/06/t_ytth4972jbgchqwhyvgvxm0000gp/T/cargo-mutants-realloop-harness-zmtYwV.tmp/target/debug/deps/libpulldown_cmark-37af8e80cc59d81e.rlib --extern ropey=/private/var/folders/06/t_ytth4972jbgchqwhyvgvxm0000gp/T/cargo-mutants-realloop-harness-zmtYwV.tmp/target/debug/deps/libropey-2f5882a9a3a2ec88.rlib --extern serde=/private/var/folders/06/t_ytth4972jbgchqwhyvgvxm0000gp/T/cargo-mutants-realloop-harness-zmtYwV.tmp/target/debug/deps/libserde-09ca34f43c349f85.rlib --extern serde_json=/private/var/folders/06/t_ytth4972jbgchqwhyvgvxm0000gp/T/cargo-mutants-realloop-harness-zmtYwV.tmp/target/debug/deps/libserde_json-fbcfcf843b882ace.rlib --extern shell_words=/private/var/folders/06/t_ytth4972jbgchqwhyvgvxm0000gp/T/cargo-mutants-realloop-harness-zmtYwV.tmp/target/debug/deps/libshell_words-161b00a23a6f8419.rlib --extern syntect=/private/var/folders/06/t_ytth4972jbgchqwhyvgvxm0000gp/T/cargo-mutants-realloop-harness-zmtYwV.tmp/target/debug/deps/libsyntect-aa1e5140663c734f.rlib --extern tempfile=/private/var/folders/06/t_ytth4972jbgchqwhyvgvxm0000gp/T/cargo-mutants-realloop-harness-zmtYwV.tmp/target/debug/deps/libtempfile-c6c909224f242ca5.rlib --extern tokio=/private/var/folders/06/t_ytth4972jbgchqwhyvgvxm0000gp/T/cargo-mutants-realloop-harness-zmtYwV.tmp/target/debug/deps/libtokio-47477d36903280ff.rlib --extern tokio_util=/private/var/folders/06/t_ytth4972jbgchqwhyvgvxm0000gp/T/cargo-mutants-realloop-harness-zmtYwV.tmp/target/debug/deps/libtokio_util-d190749744391757.rlib --extern tracing=/private/var/folders/06/t_ytth4972jbgchqwhyvgvxm0000gp/T/cargo-mutants-realloop-harness-zmtYwV.tmp/target/debug/deps/libtracing-59f2da8dde2035f8.rlib --extern tracing_subscriber=/private/var/folders/06/t_ytth4972jbgchqwhyvgvxm0000gp/T/cargo-mutants-realloop-harness-zmtYwV.tmp/target/debug/deps/libtracing_subscriber-3013d80590e56595.rlib --extern tree_sitter=/private/var/folders/06/t_ytth4972jbgchqwhyvgvxm0000gp/T/cargo-mutants-realloop-harness-zmtYwV.tmp/target/debug/deps/libtree_sitter-e08d431b118c1095.rlib --extern tree_sitter_md=/private/var/folders/06/t_ytth4972jbgchqwhyvgvxm0000gp/T/cargo-mutants-realloop-harness-zmtYwV.tmp/target/debug/deps/libtree_sitter_md-3243f1d8cb94c4e8.rlib --extern ureq=/private/var/folders/06/t_ytth4972jbgchqwhyvgvxm0000gp/T/cargo-mutants-realloop-harness-zmtYwV.tmp/target/debug/deps/libureq-3dfccae6f0f8797a.rlib --extern uuid=/private/var/folders/06/t_ytth4972jbgchqwhyvgvxm0000gp/T/cargo-mutants-realloop-harness-zmtYwV.tmp/target/debug/deps/libuuid-58fde143714020f0.rlib --extern yalda=/private/var/folders/06/t_ytth4972jbgchqwhyvgvxm0000gp/T/cargo-mutants-realloop-harness-zmtYwV.tmp/target/debug/deps/libyalda-cf322d123f81154b.rlib -L native=/private/var/folders/06/t_ytth4972jbgchqwhyvgvxm0000gp/T/cargo-mutants-realloop-harness-zmtYwV.tmp/target/debug/build/libgit2-sys-b732f72f12c66050/out/build -L native=/private/var/folders/06/t_ytth4972jbgchqwhyvgvxm0000gp/T/cargo-mutants-realloop-harness-zmtYwV.tmp/target/debug/build/ring-9973b2f35933f637/out -L native=/private/var/folders/06/t_ytth4972jbgchqwhyvgvxm0000gp/T/cargo-mutants-realloop-harness-zmtYwV.tmp/target/debug/build/psm-503fddd416b2bba3/out -L native=/private/var/folders/06/t_ytth4972jbgchqwhyvgvxm0000gp/T/cargo-mutants-realloop-harness-zmtYwV.tmp/target/debug/build/tree-sitter-09104b4152ef7c42/out -L native=/private/var/folders/06/t_ytth4972jbgchqwhyvgvxm0000gp/T/cargo-mutants-realloop-harness-zmtYwV.tmp/target/debug/build/tree-sitter-md-a18ec7f487392bdb/out`
     Running `/Users/scott/.rustup/toolchains/stable-aarch64-apple-darwin/bin/rustc --crate-name yalda_acp_stub --edition=2024 src/bin/yalda-acp-stub.rs --error-format=json --json=diagnostic-rendered-ansi,artifacts,future-incompat --emit=dep-info,link -C embed-bitcode=no -C debuginfo=2 -C split-debuginfo=unpacked --test --cfg 'feature="default"' --cfg 'feature="test-support"' --cfg 'feature="unstable_session_usage"' --check-cfg 'cfg(docsrs,test)' --check-cfg 'cfg(feature, values("default", "test-support", "unstable_session_usage"))' -C metadata=1d2f7be10d5bd229 -C extra-filename=-fe9bfcc093cbe2da --out-dir /private/var/folders/06/t_ytth4972jbgchqwhyvgvxm0000gp/T/cargo-mutants-realloop-harness-zmtYwV.tmp/target/debug/deps -C incremental=/private/var/folders/06/t_ytth4972jbgchqwhyvgvxm0000gp/T/cargo-mutants-realloop-harness-zmtYwV.tmp/target/debug/incremental -L dependency=/private/var/folders/06/t_ytth4972jbgchqwhyvgvxm0000gp/T/cargo-mutants-realloop-harness-zmtYwV.tmp/target/debug/deps --extern agent_client_protocol=/private/var/folders/06/t_ytth4972jbgchqwhyvgvxm0000gp/T/cargo-mutants-realloop-harness-zmtYwV.tmp/target/debug/deps/libagent_client_protocol-99b0ef2f175be39d.rlib --extern clap=/private/var/folders/06/t_ytth4972jbgchqwhyvgvxm0000gp/T/cargo-mutants-realloop-harness-zmtYwV.tmp/target/debug/deps/libclap-53f1eaf404a4513b.rlib --extern criterion=/private/var/folders/06/t_ytth4972jbgchqwhyvgvxm0000gp/T/cargo-mutants-realloop-harness-zmtYwV.tmp/target/debug/deps/libcriterion-e775a0c41a7b659e.rlib --extern dirs=/private/var/folders/06/t_ytth4972jbgchqwhyvgvxm0000gp/T/cargo-mutants-realloop-harness-zmtYwV.tmp/target/debug/deps/libdirs-be1e6274fe97d56a.rlib --extern futures=/private/var/folders/06/t_ytth4972jbgchqwhyvgvxm0000gp/T/cargo-mutants-realloop-harness-zmtYwV.tmp/target/debug/deps/libfutures-dcc717f698520f9b.rlib --extern gpui=/private/var/folders/06/t_ytth4972jbgchqwhyvgvxm0000gp/T/cargo-mutants-realloop-harness-zmtYwV.tmp/target/debug/deps/libgpui-4d77236dcb81b61c.rlib --extern insta=/private/var/folders/06/t_ytth4972jbgchqwhyvgvxm0000gp/T/cargo-mutants-realloop-harness-zmtYwV.tmp/target/debug/deps/libinsta-1232e192cd05fc80.rlib --extern kdl=/private/var/folders/06/t_ytth4972jbgchqwhyvgvxm0000gp/T/cargo-mutants-realloop-harness-zmtYwV.tmp/target/debug/deps/libkdl-2d49be1969c24845.rlib --extern libc=/private/var/folders/06/t_ytth4972jbgchqwhyvgvxm0000gp/T/cargo-mutants-realloop-harness-zmtYwV.tmp/target/debug/deps/liblibc-7284c512c01327fa.rlib --extern pretty_assertions=/private/var/folders/06/t_ytth4972jbgchqwhyvgvxm0000gp/T/cargo-mutants-realloop-harness-zmtYwV.tmp/target/debug/deps/libpretty_assertions-9ac39736644780f6.rlib --extern pulldown_cmark=/private/var/folders/06/t_ytth4972jbgchqwhyvgvxm0000gp/T/cargo-mutants-realloop-harness-zmtYwV.tmp/target/debug/deps/libpulldown_cmark-37af8e80cc59d81e.rlib --extern ropey=/private/var/folders/06/t_ytth4972jbgchqwhyvgvxm0000gp/T/cargo-mutants-realloop-harness-zmtYwV.tmp/target/debug/deps/libropey-2f5882a9a3a2ec88.rlib --extern serde=/private/var/folders/06/t_ytth4972jbgchqwhyvgvxm0000gp/T/cargo-mutants-realloop-harness-zmtYwV.tmp/target/debug/deps/libserde-09ca34f43c349f85.rlib --extern serde_json=/private/var/folders/06/t_ytth4972jbgchqwhyvgvxm0000gp/T/cargo-mutants-realloop-harness-zmtYwV.tmp/target/debug/deps/libserde_json-fbcfcf843b882ace.rlib --extern shell_words=/private/var/folders/06/t_ytth4972jbgchqwhyvgvxm0000gp/T/cargo-mutants-realloop-harness-zmtYwV.tmp/target/debug/deps/libshell_words-161b00a23a6f8419.rlib --extern syntect=/private/var/folders/06/t_ytth4972jbgchqwhyvgvxm0000gp/T/cargo-mutants-realloop-harness-zmtYwV.tmp/target/debug/deps/libsyntect-aa1e5140663c734f.rlib --extern tempfile=/private/var/folders/06/t_ytth4972jbgchqwhyvgvxm0000gp/T/cargo-mutants-realloop-harness-zmtYwV.tmp/target/debug/deps/libtempfile-c6c909224f242ca5.rlib --extern tokio=/private/var/folders/06/t_ytth4972jbgchqwhyvgvxm0000gp/T/cargo-mutants-realloop-harness-zmtYwV.tmp/target/debug/deps/libtokio-47477d36903280ff.rlib --extern tokio_util=/private/var/folders/06/t_ytth4972jbgchqwhyvgvxm0000gp/T/cargo-mutants-realloop-harness-zmtYwV.tmp/target/debug/deps/libtokio_util-d190749744391757.rlib --extern tracing=/private/var/folders/06/t_ytth4972jbgchqwhyvgvxm0000gp/T/cargo-mutants-realloop-harness-zmtYwV.tmp/target/debug/deps/libtracing-59f2da8dde2035f8.rlib --extern tracing_subscriber=/private/var/folders/06/t_ytth4972jbgchqwhyvgvxm0000gp/T/cargo-mutants-realloop-harness-zmtYwV.tmp/target/debug/deps/libtracing_subscriber-3013d80590e56595.rlib --extern tree_sitter=/private/var/folders/06/t_ytth4972jbgchqwhyvgvxm0000gp/T/cargo-mutants-realloop-harness-zmtYwV.tmp/target/debug/deps/libtree_sitter-e08d431b118c1095.rlib --extern tree_sitter_md=/private/var/folders/06/t_ytth4972jbgchqwhyvgvxm0000gp/T/cargo-mutants-realloop-harness-zmtYwV.tmp/target/debug/deps/libtree_sitter_md-3243f1d8cb94c4e8.rlib --extern ureq=/private/var/folders/06/t_ytth4972jbgchqwhyvgvxm0000gp/T/cargo-mutants-realloop-harness-zmtYwV.tmp/target/debug/deps/libureq-3dfccae6f0f8797a.rlib --extern uuid=/private/var/folders/06/t_ytth4972jbgchqwhyvgvxm0000gp/T/cargo-mutants-realloop-harness-zmtYwV.tmp/target/debug/deps/libuuid-58fde143714020f0.rlib --extern yalda=/private/var/folders/06/t_ytth4972jbgchqwhyvgvxm0000gp/T/cargo-mutants-realloop-harness-zmtYwV.tmp/target/debug/deps/libyalda-cf322d123f81154b.rlib -L native=/private/var/folders/06/t_ytth4972jbgchqwhyvgvxm0000gp/T/cargo-mutants-realloop-harness-zmtYwV.tmp/target/debug/build/libgit2-sys-b732f72f12c66050/out/build -L native=/private/var/folders/06/t_ytth4972jbgchqwhyvgvxm0000gp/T/cargo-mutants-realloop-harness-zmtYwV.tmp/target/debug/build/ring-9973b2f35933f637/out -L native=/private/var/folders/06/t_ytth4972jbgchqwhyvgvxm0000gp/T/cargo-mutants-realloop-harness-zmtYwV.tmp/target/debug/build/psm-503fddd416b2bba3/out -L native=/private/var/folders/06/t_ytth4972jbgchqwhyvgvxm0000gp/T/cargo-mutants-realloop-harness-zmtYwV.tmp/target/debug/build/tree-sitter-09104b4152ef7c42/out -L native=/private/var/folders/06/t_ytth4972jbgchqwhyvgvxm0000gp/T/cargo-mutants-realloop-harness-zmtYwV.tmp/target/debug/build/tree-sitter-md-a18ec7f487392bdb/out`
     Running `/Users/scott/.rustup/toolchains/stable-aarch64-apple-darwin/bin/rustc --crate-name editor_test --edition=2024 tests/editor_test.rs --error-format=json --json=diagnostic-rendered-ansi,artifacts,future-incompat --emit=dep-info,link -C embed-bitcode=no -C debuginfo=2 -C split-debuginfo=unpacked --test --cfg 'feature="default"' --cfg 'feature="test-support"' --cfg 'feature="unstable_session_usage"' --check-cfg 'cfg(docsrs,test)' --check-cfg 'cfg(feature, values("default", "test-support", "unstable_session_usage"))' -C metadata=07c0a02b822809c2 -C extra-filename=-05d032454ebaa656 --out-dir /private/var/folders/06/t_ytth4972jbgchqwhyvgvxm0000gp/T/cargo-mutants-realloop-harness-zmtYwV.tmp/target/debug/deps -C incremental=/private/var/folders/06/t_ytth4972jbgchqwhyvgvxm0000gp/T/cargo-mutants-realloop-harness-zmtYwV.tmp/target/debug/incremental -L dependency=/private/var/folders/06/t_ytth4972jbgchqwhyvgvxm0000gp/T/cargo-mutants-realloop-harness-zmtYwV.tmp/target/debug/deps --extern agent_client_protocol=/private/var/folders/06/t_ytth4972jbgchqwhyvgvxm0000gp/T/cargo-mutants-realloop-harness-zmtYwV.tmp/target/debug/deps/libagent_client_protocol-99b0ef2f175be39d.rlib --extern clap=/private/var/folders/06/t_ytth4972jbgchqwhyvgvxm0000gp/T/cargo-mutants-realloop-harness-zmtYwV.tmp/target/debug/deps/libclap-53f1eaf404a4513b.rlib --extern criterion=/private/var/folders/06/t_ytth4972jbgchqwhyvgvxm0000gp/T/cargo-mutants-realloop-harness-zmtYwV.tmp/target/debug/deps/libcriterion-e775a0c41a7b659e.rlib --extern dirs=/private/var/folders/06/t_ytth4972jbgchqwhyvgvxm0000gp/T/cargo-mutants-realloop-harness-zmtYwV.tmp/target/debug/deps/libdirs-be1e6274fe97d56a.rlib --extern futures=/private/var/folders/06/t_ytth4972jbgchqwhyvgvxm0000gp/T/cargo-mutants-realloop-harness-zmtYwV.tmp/target/debug/deps/libfutures-dcc717f698520f9b.rlib --extern gpui=/private/var/folders/06/t_ytth4972jbgchqwhyvgvxm0000gp/T/cargo-mutants-realloop-harness-zmtYwV.tmp/target/debug/deps/libgpui-4d77236dcb81b61c.rlib --extern insta=/private/var/folders/06/t_ytth4972jbgchqwhyvgvxm0000gp/T/cargo-mutants-realloop-harness-zmtYwV.tmp/target/debug/deps/libinsta-1232e192cd05fc80.rlib --extern kdl=/private/var/folders/06/t_ytth4972jbgchqwhyvgvxm0000gp/T/cargo-mutants-realloop-harness-zmtYwV.tmp/target/debug/deps/libkdl-2d49be1969c24845.rlib --extern libc=/private/var/folders/06/t_ytth4972jbgchqwhyvgvxm0000gp/T/cargo-mutants-realloop-harness-zmtYwV.tmp/target/debug/deps/liblibc-7284c512c01327fa.rlib --extern pretty_assertions=/private/var/folders/06/t_ytth4972jbgchqwhyvgvxm0000gp/T/cargo-mutants-realloop-harness-zmtYwV.tmp/target/debug/deps/libpretty_assertions-9ac39736644780f6.rlib --extern pulldown_cmark=/private/var/folders/06/t_ytth4972jbgchqwhyvgvxm0000gp/T/cargo-mutants-realloop-harness-zmtYwV.tmp/target/debug/deps/libpulldown_cmark-37af8e80cc59d81e.rlib --extern ropey=/private/var/folders/06/t_ytth4972jbgchqwhyvgvxm0000gp/T/cargo-mutants-realloop-harness-zmtYwV.tmp/target/debug/deps/libropey-2f5882a9a3a2ec88.rlib --extern serde=/private/var/folders/06/t_ytth4972jbgchqwhyvgvxm0000gp/T/cargo-mutants-realloop-harness-zmtYwV.tmp/target/debug/deps/libserde-09ca34f43c349f85.rlib --extern serde_json=/private/var/folders/06/t_ytth4972jbgchqwhyvgvxm0000gp/T/cargo-mutants-realloop-harness-zmtYwV.tmp/target/debug/deps/libserde_json-fbcfcf843b882ace.rlib --extern shell_words=/private/var/folders/06/t_ytth4972jbgchqwhyvgvxm0000gp/T/cargo-mutants-realloop-harness-zmtYwV.tmp/target/debug/deps/libshell_words-161b00a23a6f8419.rlib --extern syntect=/private/var/folders/06/t_ytth4972jbgchqwhyvgvxm0000gp/T/cargo-mutants-realloop-harness-zmtYwV.tmp/target/debug/deps/libsyntect-aa1e5140663c734f.rlib --extern tempfile=/private/var/folders/06/t_ytth4972jbgchqwhyvgvxm0000gp/T/cargo-mutants-realloop-harness-zmtYwV.tmp/target/debug/deps/libtempfile-c6c909224f242ca5.rlib --extern tokio=/private/var/folders/06/t_ytth4972jbgchqwhyvgvxm0000gp/T/cargo-mutants-realloop-harness-zmtYwV.tmp/target/debug/deps/libtokio-47477d36903280ff.rlib --extern tokio_util=/private/var/folders/06/t_ytth4972jbgchqwhyvgvxm0000gp/T/cargo-mutants-realloop-harness-zmtYwV.tmp/target/debug/deps/libtokio_util-d190749744391757.rlib --extern tracing=/private/var/folders/06/t_ytth4972jbgchqwhyvgvxm0000gp/T/cargo-mutants-realloop-harness-zmtYwV.tmp/target/debug/deps/libtracing-59f2da8dde2035f8.rlib --extern tracing_subscriber=/private/var/folders/06/t_ytth4972jbgchqwhyvgvxm0000gp/T/cargo-mutants-realloop-harness-zmtYwV.tmp/target/debug/deps/libtracing_subscriber-3013d80590e56595.rlib --extern tree_sitter=/private/var/folders/06/t_ytth4972jbgchqwhyvgvxm0000gp/T/cargo-mutants-realloop-harness-zmtYwV.tmp/target/debug/deps/libtree_sitter-e08d431b118c1095.rlib --extern tree_sitter_md=/private/var/folders/06/t_ytth4972jbgchqwhyvgvxm0000gp/T/cargo-mutants-realloop-harness-zmtYwV.tmp/target/debug/deps/libtree_sitter_md-3243f1d8cb94c4e8.rlib --extern ureq=/private/var/folders/06/t_ytth4972jbgchqwhyvgvxm0000gp/T/cargo-mutants-realloop-harness-zmtYwV.tmp/target/debug/deps/libureq-3dfccae6f0f8797a.rlib --extern uuid=/private/var/folders/06/t_ytth4972jbgchqwhyvgvxm0000gp/T/cargo-mutants-realloop-harness-zmtYwV.tmp/target/debug/deps/libuuid-58fde143714020f0.rlib --extern yalda=/private/var/folders/06/t_ytth4972jbgchqwhyvgvxm0000gp/T/cargo-mutants-realloop-harness-zmtYwV.tmp/target/debug/deps/libyalda-cf322d123f81154b.rlib -L native=/private/var/folders/06/t_ytth4972jbgchqwhyvgvxm0000gp/T/cargo-mutants-realloop-harness-zmtYwV.tmp/target/debug/build/libgit2-sys-b732f72f12c66050/out/build -L native=/private/var/folders/06/t_ytth4972jbgchqwhyvgvxm0000gp/T/cargo-mutants-realloop-harness-zmtYwV.tmp/target/debug/build/ring-9973b2f35933f637/out -L native=/private/var/folders/06/t_ytth4972jbgchqwhyvgvxm0000gp/T/cargo-mutants-realloop-harness-zmtYwV.tmp/target/debug/build/psm-503fddd416b2bba3/out -L native=/private/var/folders/06/t_ytth4972jbgchqwhyvgvxm0000gp/T/cargo-mutants-realloop-harness-zmtYwV.tmp/target/debug/build/tree-sitter-09104b4152ef7c42/out -L native=/private/var/folders/06/t_ytth4972jbgchqwhyvgvxm0000gp/T/cargo-mutants-realloop-harness-zmtYwV.tmp/target/debug/build/tree-sitter-md-a18ec7f487392bdb/out`
     Running `/Users/scott/.rustup/toolchains/stable-aarch64-apple-darwin/bin/rustc --crate-name acp_probe --edition=2024 examples/acp_probe.rs --error-format=json --json=diagnostic-rendered-ansi,artifacts,future-incompat --crate-type bin --emit=dep-info,link -C embed-bitcode=no -C debuginfo=2 -C split-debuginfo=unpacked --cfg 'feature="default"' --cfg 'feature="test-support"' --cfg 'feature="unstable_session_usage"' --check-cfg 'cfg(docsrs,test)' --check-cfg 'cfg(feature, values("default", "test-support", "unstable_session_usage"))' -C metadata=f68158c9d0456dc8 -C extra-filename=-0778a458b9c0d5e7 --out-dir /private/var/folders/06/t_ytth4972jbgchqwhyvgvxm0000gp/T/cargo-mutants-realloop-harness-zmtYwV.tmp/target/debug/examples -C incremental=/private/var/folders/06/t_ytth4972jbgchqwhyvgvxm0000gp/T/cargo-mutants-realloop-harness-zmtYwV.tmp/target/debug/incremental -L dependency=/private/var/folders/06/t_ytth4972jbgchqwhyvgvxm0000gp/T/cargo-mutants-realloop-harness-zmtYwV.tmp/target/debug/deps --extern agent_client_protocol=/private/var/folders/06/t_ytth4972jbgchqwhyvgvxm0000gp/T/cargo-mutants-realloop-harness-zmtYwV.tmp/target/debug/deps/libagent_client_protocol-99b0ef2f175be39d.rlib --extern clap=/private/var/folders/06/t_ytth4972jbgchqwhyvgvxm0000gp/T/cargo-mutants-realloop-harness-zmtYwV.tmp/target/debug/deps/libclap-53f1eaf404a4513b.rlib --extern criterion=/private/var/folders/06/t_ytth4972jbgchqwhyvgvxm0000gp/T/cargo-mutants-realloop-harness-zmtYwV.tmp/target/debug/deps/libcriterion-e775a0c41a7b659e.rlib --extern dirs=/private/var/folders/06/t_ytth4972jbgchqwhyvgvxm0000gp/T/cargo-mutants-realloop-harness-zmtYwV.tmp/target/debug/deps/libdirs-be1e6274fe97d56a.rlib --extern futures=/private/var/folders/06/t_ytth4972jbgchqwhyvgvxm0000gp/T/cargo-mutants-realloop-harness-zmtYwV.tmp/target/debug/deps/libfutures-dcc717f698520f9b.rlib --extern gpui=/private/var/folders/06/t_ytth4972jbgchqwhyvgvxm0000gp/T/cargo-mutants-realloop-harness-zmtYwV.tmp/target/debug/deps/libgpui-4d77236dcb81b61c.rlib --extern insta=/private/var/folders/06/t_ytth4972jbgchqwhyvgvxm0000gp/T/cargo-mutants-realloop-harness-zmtYwV.tmp/target/debug/deps/libinsta-1232e192cd05fc80.rlib --extern kdl=/private/var/folders/06/t_ytth4972jbgchqwhyvgvxm0000gp/T/cargo-mutants-realloop-harness-zmtYwV.tmp/target/debug/deps/libkdl-2d49be1969c24845.rlib --extern libc=/private/var/folders/06/t_ytth4972jbgchqwhyvgvxm0000gp/T/cargo-mutants-realloop-harness-zmtYwV.tmp/target/debug/deps/liblibc-7284c512c01327fa.rlib --extern pretty_assertions=/private/var/folders/06/t_ytth4972jbgchqwhyvgvxm0000gp/T/cargo-mutants-realloop-harness-zmtYwV.tmp/target/debug/deps/libpretty_assertions-9ac39736644780f6.rlib --extern pulldown_cmark=/private/var/folders/06/t_ytth4972jbgchqwhyvgvxm0000gp/T/cargo-mutants-realloop-harness-zmtYwV.tmp/target/debug/deps/libpulldown_cmark-37af8e80cc59d81e.rlib --extern ropey=/private/var/folders/06/t_ytth4972jbgchqwhyvgvxm0000gp/T/cargo-mutants-realloop-harness-zmtYwV.tmp/target/debug/deps/libropey-2f5882a9a3a2ec88.rlib --extern serde=/private/var/folders/06/t_ytth4972jbgchqwhyvgvxm0000gp/T/cargo-mutants-realloop-harness-zmtYwV.tmp/target/debug/deps/libserde-09ca34f43c349f85.rlib --extern serde_json=/private/var/folders/06/t_ytth4972jbgchqwhyvgvxm0000gp/T/cargo-mutants-realloop-harness-zmtYwV.tmp/target/debug/deps/libserde_json-fbcfcf843b882ace.rlib --extern shell_words=/private/var/folders/06/t_ytth4972jbgchqwhyvgvxm0000gp/T/cargo-mutants-realloop-harness-zmtYwV.tmp/target/debug/deps/libshell_words-161b00a23a6f8419.rlib --extern syntect=/private/var/folders/06/t_ytth4972jbgchqwhyvgvxm0000gp/T/cargo-mutants-realloop-harness-zmtYwV.tmp/target/debug/deps/libsyntect-aa1e5140663c734f.rlib --extern tempfile=/private/var/folders/06/t_ytth4972jbgchqwhyvgvxm0000gp/T/cargo-mutants-realloop-harness-zmtYwV.tmp/target/debug/deps/libtempfile-c6c909224f242ca5.rlib --extern tokio=/private/var/folders/06/t_ytth4972jbgchqwhyvgvxm0000gp/T/cargo-mutants-realloop-harness-zmtYwV.tmp/target/debug/deps/libtokio-47477d36903280ff.rlib --extern tokio_util=/private/var/folders/06/t_ytth4972jbgchqwhyvgvxm0000gp/T/cargo-mutants-realloop-harness-zmtYwV.tmp/target/debug/deps/libtokio_util-d190749744391757.rlib --extern tracing=/private/var/folders/06/t_ytth4972jbgchqwhyvgvxm0000gp/T/cargo-mutants-realloop-harness-zmtYwV.tmp/target/debug/deps/libtracing-59f2da8dde2035f8.rlib --extern tracing_subscriber=/private/var/folders/06/t_ytth4972jbgchqwhyvgvxm0000gp/T/cargo-mutants-realloop-harness-zmtYwV.tmp/target/debug/deps/libtracing_subscriber-3013d80590e56595.rlib --extern tree_sitter=/private/var/folders/06/t_ytth4972jbgchqwhyvgvxm0000gp/T/cargo-mutants-realloop-harness-zmtYwV.tmp/target/debug/deps/libtree_sitter-e08d431b118c1095.rlib --extern tree_sitter_md=/private/var/folders/06/t_ytth4972jbgchqwhyvgvxm0000gp/T/cargo-mutants-realloop-harness-zmtYwV.tmp/target/debug/deps/libtree_sitter_md-3243f1d8cb94c4e8.rlib --extern ureq=/private/var/folders/06/t_ytth4972jbgchqwhyvgvxm0000gp/T/cargo-mutants-realloop-harness-zmtYwV.tmp/target/debug/deps/libureq-3dfccae6f0f8797a.rlib --extern uuid=/private/var/folders/06/t_ytth4972jbgchqwhyvgvxm0000gp/T/cargo-mutants-realloop-harness-zmtYwV.tmp/target/debug/deps/libuuid-58fde143714020f0.rlib --extern yalda=/private/var/folders/06/t_ytth4972jbgchqwhyvgvxm0000gp/T/cargo-mutants-realloop-harness-zmtYwV.tmp/target/debug/deps/libyalda-cf322d123f81154b.rlib -L native=/private/var/folders/06/t_ytth4972jbgchqwhyvgvxm0000gp/T/cargo-mutants-realloop-harness-zmtYwV.tmp/target/debug/build/libgit2-sys-b732f72f12c66050/out/build -L native=/private/var/folders/06/t_ytth4972jbgchqwhyvgvxm0000gp/T/cargo-mutants-realloop-harness-zmtYwV.tmp/target/debug/build/ring-9973b2f35933f637/out -L native=/private/var/folders/06/t_ytth4972jbgchqwhyvgvxm0000gp/T/cargo-mutants-realloop-harness-zmtYwV.tmp/target/debug/build/psm-503fddd416b2bba3/out -L native=/private/var/folders/06/t_ytth4972jbgchqwhyvgvxm0000gp/T/cargo-mutants-realloop-harness-zmtYwV.tmp/target/debug/build/tree-sitter-09104b4152ef7c42/out -L native=/private/var/folders/06/t_ytth4972jbgchqwhyvgvxm0000gp/T/cargo-mutants-realloop-harness-zmtYwV.tmp/target/debug/build/tree-sitter-md-a18ec7f487392bdb/out`
     Running `/Users/scott/.rustup/toolchains/stable-aarch64-apple-darwin/bin/rustc --crate-name tree_test --edition=2024 tests/tree_test.rs --error-format=json --json=diagnostic-rendered-ansi,artifacts,future-incompat --emit=dep-info,link -C embed-bitcode=no -C debuginfo=2 -C split-debuginfo=unpacked --test --cfg 'feature="default"' --cfg 'feature="test-support"' --cfg 'feature="unstable_session_usage"' --check-cfg 'cfg(docsrs,test)' --check-cfg 'cfg(feature, values("default", "test-support", "unstable_session_usage"))' -C metadata=b4b915e3c9680e8e -C extra-filename=-f8297ccc993c7bb3 --out-dir /private/var/folders/06/t_ytth4972jbgchqwhyvgvxm0000gp/T/cargo-mutants-realloop-harness-zmtYwV.tmp/target/debug/deps -C incremental=/private/var/folders/06/t_ytth4972jbgchqwhyvgvxm0000gp/T/cargo-mutants-realloop-harness-zmtYwV.tmp/target/debug/incremental -L dependency=/private/var/folders/06/t_ytth4972jbgchqwhyvgvxm0000gp/T/cargo-mutants-realloop-harness-zmtYwV.tmp/target/debug/deps --extern agent_client_protocol=/private/var/folders/06/t_ytth4972jbgchqwhyvgvxm0000gp/T/cargo-mutants-realloop-harness-zmtYwV.tmp/target/debug/deps/libagent_client_protocol-99b0ef2f175be39d.rlib --extern clap=/private/var/folders/06/t_ytth4972jbgchqwhyvgvxm0000gp/T/cargo-mutants-realloop-harness-zmtYwV.tmp/target/debug/deps/libclap-53f1eaf404a4513b.rlib --extern criterion=/private/var/folders/06/t_ytth4972jbgchqwhyvgvxm0000gp/T/cargo-mutants-realloop-harness-zmtYwV.tmp/target/debug/deps/libcriterion-e775a0c41a7b659e.rlib --extern dirs=/private/var/folders/06/t_ytth4972jbgchqwhyvgvxm0000gp/T/cargo-mutants-realloop-harness-zmtYwV.tmp/target/debug/deps/libdirs-be1e6274fe97d56a.rlib --extern futures=/private/var/folders/06/t_ytth4972jbgchqwhyvgvxm0000gp/T/cargo-mutants-realloop-harness-zmtYwV.tmp/target/debug/deps/libfutures-dcc717f698520f9b.rlib --extern gpui=/private/var/folders/06/t_ytth4972jbgchqwhyvgvxm0000gp/T/cargo-mutants-realloop-harness-zmtYwV.tmp/target/debug/deps/libgpui-4d77236dcb81b61c.rlib --extern insta=/private/var/folders/06/t_ytth4972jbgchqwhyvgvxm0000gp/T/cargo-mutants-realloop-harness-zmtYwV.tmp/target/debug/deps/libinsta-1232e192cd05fc80.rlib --extern kdl=/private/var/folders/06/t_ytth4972jbgchqwhyvgvxm0000gp/T/cargo-mutants-realloop-harness-zmtYwV.tmp/target/debug/deps/libkdl-2d49be1969c24845.rlib --extern libc=/private/var/folders/06/t_ytth4972jbgchqwhyvgvxm0000gp/T/cargo-mutants-realloop-harness-zmtYwV.tmp/target/debug/deps/liblibc-7284c512c01327fa.rlib --extern pretty_assertions=/private/var/folders/06/t_ytth4972jbgchqwhyvgvxm0000gp/T/cargo-mutants-realloop-harness-zmtYwV.tmp/target/debug/deps/libpretty_assertions-9ac39736644780f6.rlib --extern pulldown_cmark=/private/var/folders/06/t_ytth4972jbgchqwhyvgvxm0000gp/T/cargo-mutants-realloop-harness-zmtYwV.tmp/target/debug/deps/libpulldown_cmark-37af8e80cc59d81e.rlib --extern ropey=/private/var/folders/06/t_ytth4972jbgchqwhyvgvxm0000gp/T/cargo-mutants-realloop-harness-zmtYwV.tmp/target/debug/deps/libropey-2f5882a9a3a2ec88.rlib --extern serde=/private/var/folders/06/t_ytth4972jbgchqwhyvgvxm0000gp/T/cargo-mutants-realloop-harness-zmtYwV.tmp/target/debug/deps/libserde-09ca34f43c349f85.rlib --extern serde_json=/private/var/folders/06/t_ytth4972jbgchqwhyvgvxm0000gp/T/cargo-mutants-realloop-harness-zmtYwV.tmp/target/debug/deps/libserde_json-fbcfcf843b882ace.rlib --extern shell_words=/private/var/folders/06/t_ytth4972jbgchqwhyvgvxm0000gp/T/cargo-mutants-realloop-harness-zmtYwV.tmp/target/debug/deps/libshell_words-161b00a23a6f8419.rlib --extern syntect=/private/var/folders/06/t_ytth4972jbgchqwhyvgvxm0000gp/T/cargo-mutants-realloop-harness-zmtYwV.tmp/target/debug/deps/libsyntect-aa1e5140663c734f.rlib --extern tempfile=/private/var/folders/06/t_ytth4972jbgchqwhyvgvxm0000gp/T/cargo-mutants-realloop-harness-zmtYwV.tmp/target/debug/deps/libtempfile-c6c909224f242ca5.rlib --extern tokio=/private/var/folders/06/t_ytth4972jbgchqwhyvgvxm0000gp/T/cargo-mutants-realloop-harness-zmtYwV.tmp/target/debug/deps/libtokio-47477d36903280ff.rlib --extern tokio_util=/private/var/folders/06/t_ytth4972jbgchqwhyvgvxm0000gp/T/cargo-mutants-realloop-harness-zmtYwV.tmp/target/debug/deps/libtokio_util-d190749744391757.rlib --extern tracing=/private/var/folders/06/t_ytth4972jbgchqwhyvgvxm0000gp/T/cargo-mutants-realloop-harness-zmtYwV.tmp/target/debug/deps/libtracing-59f2da8dde2035f8.rlib --extern tracing_subscriber=/private/var/folders/06/t_ytth4972jbgchqwhyvgvxm0000gp/T/cargo-mutants-realloop-harness-zmtYwV.tmp/target/debug/deps/libtracing_subscriber-3013d80590e56595.rlib --extern tree_sitter=/private/var/folders/06/t_ytth4972jbgchqwhyvgvxm0000gp/T/cargo-mutants-realloop-harness-zmtYwV.tmp/target/debug/deps/libtree_sitter-e08d431b118c1095.rlib --extern tree_sitter_md=/private/var/folders/06/t_ytth4972jbgchqwhyvgvxm0000gp/T/cargo-mutants-realloop-harness-zmtYwV.tmp/target/debug/deps/libtree_sitter_md-3243f1d8cb94c4e8.rlib --extern ureq=/private/var/folders/06/t_ytth4972jbgchqwhyvgvxm0000gp/T/cargo-mutants-realloop-harness-zmtYwV.tmp/target/debug/deps/libureq-3dfccae6f0f8797a.rlib --extern uuid=/private/var/folders/06/t_ytth4972jbgchqwhyvgvxm0000gp/T/cargo-mutants-realloop-harness-zmtYwV.tmp/target/debug/deps/libuuid-58fde143714020f0.rlib --extern yalda=/private/var/folders/06/t_ytth4972jbgchqwhyvgvxm0000gp/T/cargo-mutants-realloop-harness-zmtYwV.tmp/target/debug/deps/libyalda-cf322d123f81154b.rlib -L native=/private/var/folders/06/t_ytth4972jbgchqwhyvgvxm0000gp/T/cargo-mutants-realloop-harness-zmtYwV.tmp/target/debug/build/libgit2-sys-b732f72f12c66050/out/build -L native=/private/var/folders/06/t_ytth4972jbgchqwhyvgvxm0000gp/T/cargo-mutants-realloop-harness-zmtYwV.tmp/target/debug/build/ring-9973b2f35933f637/out -L native=/private/var/folders/06/t_ytth4972jbgchqwhyvgvxm0000gp/T/cargo-mutants-realloop-harness-zmtYwV.tmp/target/debug/build/psm-503fddd416b2bba3/out -L native=/private/var/folders/06/t_ytth4972jbgchqwhyvgvxm0000gp/T/cargo-mutants-realloop-harness-zmtYwV.tmp/target/debug/build/tree-sitter-09104b4152ef7c42/out -L native=/private/var/folders/06/t_ytth4972jbgchqwhyvgvxm0000gp/T/cargo-mutants-realloop-harness-zmtYwV.tmp/target/debug/build/tree-sitter-md-a18ec7f487392bdb/out`
     Running `/Users/scott/.rustup/toolchains/stable-aarch64-apple-darwin/bin/rustc --crate-name yalda_channel --edition=2024 src/bin/yalda-channel.rs --error-format=json --json=diagnostic-rendered-ansi,artifacts,future-incompat --emit=dep-info,link -C embed-bitcode=no -C debuginfo=2 -C split-debuginfo=unpacked --test --cfg 'feature="default"' --cfg 'feature="test-support"' --cfg 'feature="unstable_session_usage"' --check-cfg 'cfg(docsrs,test)' --check-cfg 'cfg(feature, values("default", "test-support", "unstable_session_usage"))' -C metadata=05ed20c5f2f84654 -C extra-filename=-d4163082165eb14d --out-dir /private/var/folders/06/t_ytth4972jbgchqwhyvgvxm0000gp/T/cargo-mutants-realloop-harness-zmtYwV.tmp/target/debug/deps -C incremental=/private/var/folders/06/t_ytth4972jbgchqwhyvgvxm0000gp/T/cargo-mutants-realloop-harness-zmtYwV.tmp/target/debug/incremental -L dependency=/private/var/folders/06/t_ytth4972jbgchqwhyvgvxm0000gp/T/cargo-mutants-realloop-harness-zmtYwV.tmp/target/debug/deps --extern agent_client_protocol=/private/var/folders/06/t_ytth4972jbgchqwhyvgvxm0000gp/T/cargo-mutants-realloop-harness-zmtYwV.tmp/target/debug/deps/libagent_client_protocol-99b0ef2f175be39d.rlib --extern clap=/private/var/folders/06/t_ytth4972jbgchqwhyvgvxm0000gp/T/cargo-mutants-realloop-harness-zmtYwV.tmp/target/debug/deps/libclap-53f1eaf404a4513b.rlib --extern criterion=/private/var/folders/06/t_ytth4972jbgchqwhyvgvxm0000gp/T/cargo-mutants-realloop-harness-zmtYwV.tmp/target/debug/deps/libcriterion-e775a0c41a7b659e.rlib --extern dirs=/private/var/folders/06/t_ytth4972jbgchqwhyvgvxm0000gp/T/cargo-mutants-realloop-harness-zmtYwV.tmp/target/debug/deps/libdirs-be1e6274fe97d56a.rlib --extern futures=/private/var/folders/06/t_ytth4972jbgchqwhyvgvxm0000gp/T/cargo-mutants-realloop-harness-zmtYwV.tmp/target/debug/deps/libfutures-dcc717f698520f9b.rlib --extern gpui=/private/var/folders/06/t_ytth4972jbgchqwhyvgvxm0000gp/T/cargo-mutants-realloop-harness-zmtYwV.tmp/target/debug/deps/libgpui-4d77236dcb81b61c.rlib --extern insta=/private/var/folders/06/t_ytth4972jbgchqwhyvgvxm0000gp/T/cargo-mutants-realloop-harness-zmtYwV.tmp/target/debug/deps/libinsta-1232e192cd05fc80.rlib --extern kdl=/private/var/folders/06/t_ytth4972jbgchqwhyvgvxm0000gp/T/cargo-mutants-realloop-harness-zmtYwV.tmp/target/debug/deps/libkdl-2d49be1969c24845.rlib --extern libc=/private/var/folders/06/t_ytth4972jbgchqwhyvgvxm0000gp/T/cargo-mutants-realloop-harness-zmtYwV.tmp/target/debug/deps/liblibc-7284c512c01327fa.rlib --extern pretty_assertions=/private/var/folders/06/t_ytth4972jbgchqwhyvgvxm0000gp/T/cargo-mutants-realloop-harness-zmtYwV.tmp/target/debug/deps/libpretty_assertions-9ac39736644780f6.rlib --extern pulldown_cmark=/private/var/folders/06/t_ytth4972jbgchqwhyvgvxm0000gp/T/cargo-mutants-realloop-harness-zmtYwV.tmp/target/debug/deps/libpulldown_cmark-37af8e80cc59d81e.rlib --extern ropey=/private/var/folders/06/t_ytth4972jbgchqwhyvgvxm0000gp/T/cargo-mutants-realloop-harness-zmtYwV.tmp/target/debug/deps/libropey-2f5882a9a3a2ec88.rlib --extern serde=/private/var/folders/06/t_ytth4972jbgchqwhyvgvxm0000gp/T/cargo-mutants-realloop-harness-zmtYwV.tmp/target/debug/deps/libserde-09ca34f43c349f85.rlib --extern serde_json=/private/var/folders/06/t_ytth4972jbgchqwhyvgvxm0000gp/T/cargo-mutants-realloop-harness-zmtYwV.tmp/target/debug/deps/libserde_json-fbcfcf843b882ace.rlib --extern shell_words=/private/var/folders/06/t_ytth4972jbgchqwhyvgvxm0000gp/T/cargo-mutants-realloop-harness-zmtYwV.tmp/target/debug/deps/libshell_words-161b00a23a6f8419.rlib --extern syntect=/private/var/folders/06/t_ytth4972jbgchqwhyvgvxm0000gp/T/cargo-mutants-realloop-harness-zmtYwV.tmp/target/debug/deps/libsyntect-aa1e5140663c734f.rlib --extern tempfile=/private/var/folders/06/t_ytth4972jbgchqwhyvgvxm0000gp/T/cargo-mutants-realloop-harness-zmtYwV.tmp/target/debug/deps/libtempfile-c6c909224f242ca5.rlib --extern tokio=/private/var/folders/06/t_ytth4972jbgchqwhyvgvxm0000gp/T/cargo-mutants-realloop-harness-zmtYwV.tmp/target/debug/deps/libtokio-47477d36903280ff.rlib --extern tokio_util=/private/var/folders/06/t_ytth4972jbgchqwhyvgvxm0000gp/T/cargo-mutants-realloop-harness-zmtYwV.tmp/target/debug/deps/libtokio_util-d190749744391757.rlib --extern tracing=/private/var/folders/06/t_ytth4972jbgchqwhyvgvxm0000gp/T/cargo-mutants-realloop-harness-zmtYwV.tmp/target/debug/deps/libtracing-59f2da8dde2035f8.rlib --extern tracing_subscriber=/private/var/folders/06/t_ytth4972jbgchqwhyvgvxm0000gp/T/cargo-mutants-realloop-harness-zmtYwV.tmp/target/debug/deps/libtracing_subscriber-3013d80590e56595.rlib --extern tree_sitter=/private/var/folders/06/t_ytth4972jbgchqwhyvgvxm0000gp/T/cargo-mutants-realloop-harness-zmtYwV.tmp/target/debug/deps/libtree_sitter-e08d431b118c1095.rlib --extern tree_sitter_md=/private/var/folders/06/t_ytth4972jbgchqwhyvgvxm0000gp/T/cargo-mutants-realloop-harness-zmtYwV.tmp/target/debug/deps/libtree_sitter_md-3243f1d8cb94c4e8.rlib --extern ureq=/private/var/folders/06/t_ytth4972jbgchqwhyvgvxm0000gp/T/cargo-mutants-realloop-harness-zmtYwV.tmp/target/debug/deps/libureq-3dfccae6f0f8797a.rlib --extern uuid=/private/var/folders/06/t_ytth4972jbgchqwhyvgvxm0000gp/T/cargo-mutants-realloop-harness-zmtYwV.tmp/target/debug/deps/libuuid-58fde143714020f0.rlib --extern yalda=/private/var/folders/06/t_ytth4972jbgchqwhyvgvxm0000gp/T/cargo-mutants-realloop-harness-zmtYwV.tmp/target/debug/deps/libyalda-cf322d123f81154b.rlib -L native=/private/var/folders/06/t_ytth4972jbgchqwhyvgvxm0000gp/T/cargo-mutants-realloop-harness-zmtYwV.tmp/target/debug/build/libgit2-sys-b732f72f12c66050/out/build -L native=/private/var/folders/06/t_ytth4972jbgchqwhyvgvxm0000gp/T/cargo-mutants-realloop-harness-zmtYwV.tmp/target/debug/build/ring-9973b2f35933f637/out -L native=/private/var/folders/06/t_ytth4972jbgchqwhyvgvxm0000gp/T/cargo-mutants-realloop-harness-zmtYwV.tmp/target/debug/build/psm-503fddd416b2bba3/out -L native=/private/var/folders/06/t_ytth4972jbgchqwhyvgvxm0000gp/T/cargo-mutants-realloop-harness-zmtYwV.tmp/target/debug/build/tree-sitter-09104b4152ef7c42/out -L native=/private/var/folders/06/t_ytth4972jbgchqwhyvgvxm0000gp/T/cargo-mutants-realloop-harness-zmtYwV.tmp/target/debug/build/tree-sitter-md-a18ec7f487392bdb/out`
     Running `/Users/scott/.rustup/toolchains/stable-aarch64-apple-darwin/bin/rustc --crate-name snapshot_test --edition=2024 tests/snapshot_test.rs --error-format=json --json=diagnostic-rendered-ansi,artifacts,future-incompat --emit=dep-info,link -C embed-bitcode=no -C debuginfo=2 -C split-debuginfo=unpacked --test --cfg 'feature="default"' --cfg 'feature="test-support"' --cfg 'feature="unstable_session_usage"' --check-cfg 'cfg(docsrs,test)' --check-cfg 'cfg(feature, values("default", "test-support", "unstable_session_usage"))' -C metadata=988e1b43465f1f48 -C extra-filename=-4c992aa2e5027ee2 --out-dir /private/var/folders/06/t_ytth4972jbgchqwhyvgvxm0000gp/T/cargo-mutants-realloop-harness-zmtYwV.tmp/target/debug/deps -C incremental=/private/var/folders/06/t_ytth4972jbgchqwhyvgvxm0000gp/T/cargo-mutants-realloop-harness-zmtYwV.tmp/target/debug/incremental -L dependency=/private/var/folders/06/t_ytth4972jbgchqwhyvgvxm0000gp/T/cargo-mutants-realloop-harness-zmtYwV.tmp/target/debug/deps --extern agent_client_protocol=/private/var/folders/06/t_ytth4972jbgchqwhyvgvxm0000gp/T/cargo-mutants-realloop-harness-zmtYwV.tmp/target/debug/deps/libagent_client_protocol-99b0ef2f175be39d.rlib --extern clap=/private/var/folders/06/t_ytth4972jbgchqwhyvgvxm0000gp/T/cargo-mutants-realloop-harness-zmtYwV.tmp/target/debug/deps/libclap-53f1eaf404a4513b.rlib --extern criterion=/private/var/folders/06/t_ytth4972jbgchqwhyvgvxm0000gp/T/cargo-mutants-realloop-harness-zmtYwV.tmp/target/debug/deps/libcriterion-e775a0c41a7b659e.rlib --extern dirs=/private/var/folders/06/t_ytth4972jbgchqwhyvgvxm0000gp/T/cargo-mutants-realloop-harness-zmtYwV.tmp/target/debug/deps/libdirs-be1e6274fe97d56a.rlib --extern futures=/private/var/folders/06/t_ytth4972jbgchqwhyvgvxm0000gp/T/cargo-mutants-realloop-harness-zmtYwV.tmp/target/debug/deps/libfutures-dcc717f698520f9b.rlib --extern gpui=/private/var/folders/06/t_ytth4972jbgchqwhyvgvxm0000gp/T/cargo-mutants-realloop-harness-zmtYwV.tmp/target/debug/deps/libgpui-4d77236dcb81b61c.rlib --extern insta=/private/var/folders/06/t_ytth4972jbgchqwhyvgvxm0000gp/T/cargo-mutants-realloop-harness-zmtYwV.tmp/target/debug/deps/libinsta-1232e192cd05fc80.rlib --extern kdl=/private/var/folders/06/t_ytth4972jbgchqwhyvgvxm0000gp/T/cargo-mutants-realloop-harness-zmtYwV.tmp/target/debug/deps/libkdl-2d49be1969c24845.rlib --extern libc=/private/var/folders/06/t_ytth4972jbgchqwhyvgvxm0000gp/T/cargo-mutants-realloop-harness-zmtYwV.tmp/target/debug/deps/liblibc-7284c512c01327fa.rlib --extern pretty_assertions=/private/var/folders/06/t_ytth4972jbgchqwhyvgvxm0000gp/T/cargo-mutants-realloop-harness-zmtYwV.tmp/target/debug/deps/libpretty_assertions-9ac39736644780f6.rlib --extern pulldown_cmark=/private/var/folders/06/t_ytth4972jbgchqwhyvgvxm0000gp/T/cargo-mutants-realloop-harness-zmtYwV.tmp/target/debug/deps/libpulldown_cmark-37af8e80cc59d81e.rlib --extern ropey=/private/var/folders/06/t_ytth4972jbgchqwhyvgvxm0000gp/T/cargo-mutants-realloop-harness-zmtYwV.tmp/target/debug/deps/libropey-2f5882a9a3a2ec88.rlib --extern serde=/private/var/folders/06/t_ytth4972jbgchqwhyvgvxm0000gp/T/cargo-mutants-realloop-harness-zmtYwV.tmp/target/debug/deps/libserde-09ca34f43c349f85.rlib --extern serde_json=/private/var/folders/06/t_ytth4972jbgchqwhyvgvxm0000gp/T/cargo-mutants-realloop-harness-zmtYwV.tmp/target/debug/deps/libserde_json-fbcfcf843b882ace.rlib --extern shell_words=/private/var/folders/06/t_ytth4972jbgchqwhyvgvxm0000gp/T/cargo-mutants-realloop-harness-zmtYwV.tmp/target/debug/deps/libshell_words-161b00a23a6f8419.rlib --extern syntect=/private/var/folders/06/t_ytth4972jbgchqwhyvgvxm0000gp/T/cargo-mutants-realloop-harness-zmtYwV.tmp/target/debug/deps/libsyntect-aa1e5140663c734f.rlib --extern tempfile=/private/var/folders/06/t_ytth4972jbgchqwhyvgvxm0000gp/T/cargo-mutants-realloop-harness-zmtYwV.tmp/target/debug/deps/libtempfile-c6c909224f242ca5.rlib --extern tokio=/private/var/folders/06/t_ytth4972jbgchqwhyvgvxm0000gp/T/cargo-mutants-realloop-harness-zmtYwV.tmp/target/debug/deps/libtokio-47477d36903280ff.rlib --extern tokio_util=/private/var/folders/06/t_ytth4972jbgchqwhyvgvxm0000gp/T/cargo-mutants-realloop-harness-zmtYwV.tmp/target/debug/deps/libtokio_util-d190749744391757.rlib --extern tracing=/private/var/folders/06/t_ytth4972jbgchqwhyvgvxm0000gp/T/cargo-mutants-realloop-harness-zmtYwV.tmp/target/debug/deps/libtracing-59f2da8dde2035f8.rlib --extern tracing_subscriber=/private/var/folders/06/t_ytth4972jbgchqwhyvgvxm0000gp/T/cargo-mutants-realloop-harness-zmtYwV.tmp/target/debug/deps/libtracing_subscriber-3013d80590e56595.rlib --extern tree_sitter=/private/var/folders/06/t_ytth4972jbgchqwhyvgvxm0000gp/T/cargo-mutants-realloop-harness-zmtYwV.tmp/target/debug/deps/libtree_sitter-e08d431b118c1095.rlib --extern tree_sitter_md=/private/var/folders/06/t_ytth4972jbgchqwhyvgvxm0000gp/T/cargo-mutants-realloop-harness-zmtYwV.tmp/target/debug/deps/libtree_sitter_md-3243f1d8cb94c4e8.rlib --extern ureq=/private/var/folders/06/t_ytth4972jbgchqwhyvgvxm0000gp/T/cargo-mutants-realloop-harness-zmtYwV.tmp/target/debug/deps/libureq-3dfccae6f0f8797a.rlib --extern uuid=/private/var/folders/06/t_ytth4972jbgchqwhyvgvxm0000gp/T/cargo-mutants-realloop-harness-zmtYwV.tmp/target/debug/deps/libuuid-58fde143714020f0.rlib --extern yalda=/private/var/folders/06/t_ytth4972jbgchqwhyvgvxm0000gp/T/cargo-mutants-realloop-harness-zmtYwV.tmp/target/debug/deps/libyalda-cf322d123f81154b.rlib -L native=/private/var/folders/06/t_ytth4972jbgchqwhyvgvxm0000gp/T/cargo-mutants-realloop-harness-zmtYwV.tmp/target/debug/build/libgit2-sys-b732f72f12c66050/out/build -L native=/private/var/folders/06/t_ytth4972jbgchqwhyvgvxm0000gp/T/cargo-mutants-realloop-harness-zmtYwV.tmp/target/debug/build/ring-9973b2f35933f637/out -L native=/private/var/folders/06/t_ytth4972jbgchqwhyvgvxm0000gp/T/cargo-mutants-realloop-harness-zmtYwV.tmp/target/debug/build/psm-503fddd416b2bba3/out -L native=/private/var/folders/06/t_ytth4972jbgchqwhyvgvxm0000gp/T/cargo-mutants-realloop-harness-zmtYwV.tmp/target/debug/build/tree-sitter-09104b4152ef7c42/out -L native=/private/var/folders/06/t_ytth4972jbgchqwhyvgvxm0000gp/T/cargo-mutants-realloop-harness-zmtYwV.tmp/target/debug/build/tree-sitter-md-a18ec7f487392bdb/out`
     Running `/Users/scott/.rustup/toolchains/stable-aarch64-apple-darwin/bin/rustc --crate-name yalda_session_server --edition=2024 src/bin/yalda-session-server/main.rs --error-format=json --json=diagnostic-rendered-ansi,artifacts,future-incompat --crate-type bin --emit=dep-info,link -C embed-bitcode=no -C debuginfo=2 -C split-debuginfo=unpacked --cfg 'feature="default"' --cfg 'feature="test-support"' --cfg 'feature="unstable_session_usage"' --check-cfg 'cfg(docsrs,test)' --check-cfg 'cfg(feature, values("default", "test-support", "unstable_session_usage"))' -C metadata=903f6374a0a00de1 -C extra-filename=-5adccc3f3c83a453 --out-dir /private/var/folders/06/t_ytth4972jbgchqwhyvgvxm0000gp/T/cargo-mutants-realloop-harness-zmtYwV.tmp/target/debug/deps -C incremental=/private/var/folders/06/t_ytth4972jbgchqwhyvgvxm0000gp/T/cargo-mutants-realloop-harness-zmtYwV.tmp/target/debug/incremental -L dependency=/private/var/folders/06/t_ytth4972jbgchqwhyvgvxm0000gp/T/cargo-mutants-realloop-harness-zmtYwV.tmp/target/debug/deps --extern agent_client_protocol=/private/var/folders/06/t_ytth4972jbgchqwhyvgvxm0000gp/T/cargo-mutants-realloop-harness-zmtYwV.tmp/target/debug/deps/libagent_client_protocol-99b0ef2f175be39d.rlib --extern clap=/private/var/folders/06/t_ytth4972jbgchqwhyvgvxm0000gp/T/cargo-mutants-realloop-harness-zmtYwV.tmp/target/debug/deps/libclap-53f1eaf404a4513b.rlib --extern dirs=/private/var/folders/06/t_ytth4972jbgchqwhyvgvxm0000gp/T/cargo-mutants-realloop-harness-zmtYwV.tmp/target/debug/deps/libdirs-be1e6274fe97d56a.rlib --extern futures=/private/var/folders/06/t_ytth4972jbgchqwhyvgvxm0000gp/T/cargo-mutants-realloop-harness-zmtYwV.tmp/target/debug/deps/libfutures-dcc717f698520f9b.rlib --extern gpui=/private/var/folders/06/t_ytth4972jbgchqwhyvgvxm0000gp/T/cargo-mutants-realloop-harness-zmtYwV.tmp/target/debug/deps/libgpui-4d77236dcb81b61c.rlib --extern kdl=/private/var/folders/06/t_ytth4972jbgchqwhyvgvxm0000gp/T/cargo-mutants-realloop-harness-zmtYwV.tmp/target/debug/deps/libkdl-2d49be1969c24845.rlib --extern libc=/private/var/folders/06/t_ytth4972jbgchqwhyvgvxm0000gp/T/cargo-mutants-realloop-harness-zmtYwV.tmp/target/debug/deps/liblibc-7284c512c01327fa.rlib --extern pulldown_cmark=/private/var/folders/06/t_ytth4972jbgchqwhyvgvxm0000gp/T/cargo-mutants-realloop-harness-zmtYwV.tmp/target/debug/deps/libpulldown_cmark-37af8e80cc59d81e.rlib --extern ropey=/private/var/folders/06/t_ytth4972jbgchqwhyvgvxm0000gp/T/cargo-mutants-realloop-harness-zmtYwV.tmp/target/debug/deps/libropey-2f5882a9a3a2ec88.rlib --extern serde=/private/var/folders/06/t_ytth4972jbgchqwhyvgvxm0000gp/T/cargo-mutants-realloop-harness-zmtYwV.tmp/target/debug/deps/libserde-09ca34f43c349f85.rlib --extern serde_json=/private/var/folders/06/t_ytth4972jbgchqwhyvgvxm0000gp/T/cargo-mutants-realloop-harness-zmtYwV.tmp/target/debug/deps/libserde_json-fbcfcf843b882ace.rlib --extern shell_words=/private/var/folders/06/t_ytth4972jbgchqwhyvgvxm0000gp/T/cargo-mutants-realloop-harness-zmtYwV.tmp/target/debug/deps/libshell_words-161b00a23a6f8419.rlib --extern syntect=/private/var/folders/06/t_ytth4972jbgchqwhyvgvxm0000gp/T/cargo-mutants-realloop-harness-zmtYwV.tmp/target/debug/deps/libsyntect-aa1e5140663c734f.rlib --extern tokio=/private/var/folders/06/t_ytth4972jbgchqwhyvgvxm0000gp/T/cargo-mutants-realloop-harness-zmtYwV.tmp/target/debug/deps/libtokio-47477d36903280ff.rlib --extern tokio_util=/private/var/folders/06/t_ytth4972jbgchqwhyvgvxm0000gp/T/cargo-mutants-realloop-harness-zmtYwV.tmp/target/debug/deps/libtokio_util-d190749744391757.rlib --extern tracing=/private/var/folders/06/t_ytth4972jbgchqwhyvgvxm0000gp/T/cargo-mutants-realloop-harness-zmtYwV.tmp/target/debug/deps/libtracing-59f2da8dde2035f8.rlib --extern tracing_subscriber=/private/var/folders/06/t_ytth4972jbgchqwhyvgvxm0000gp/T/cargo-mutants-realloop-harness-zmtYwV.tmp/target/debug/deps/libtracing_subscriber-3013d80590e56595.rlib --extern tree_sitter=/private/var/folders/06/t_ytth4972jbgchqwhyvgvxm0000gp/T/cargo-mutants-realloop-harness-zmtYwV.tmp/target/debug/deps/libtree_sitter-e08d431b118c1095.rlib --extern tree_sitter_md=/private/var/folders/06/t_ytth4972jbgchqwhyvgvxm0000gp/T/cargo-mutants-realloop-harness-zmtYwV.tmp/target/debug/deps/libtree_sitter_md-3243f1d8cb94c4e8.rlib --extern ureq=/private/var/folders/06/t_ytth4972jbgchqwhyvgvxm0000gp/T/cargo-mutants-realloop-harness-zmtYwV.tmp/target/debug/deps/libureq-3dfccae6f0f8797a.rlib --extern uuid=/private/var/folders/06/t_ytth4972jbgchqwhyvgvxm0000gp/T/cargo-mutants-realloop-harness-zmtYwV.tmp/target/debug/deps/libuuid-58fde143714020f0.rlib --extern yalda=/private/var/folders/06/t_ytth4972jbgchqwhyvgvxm0000gp/T/cargo-mutants-realloop-harness-zmtYwV.tmp/target/debug/deps/libyalda-cf322d123f81154b.rlib -L native=/private/var/folders/06/t_ytth4972jbgchqwhyvgvxm0000gp/T/cargo-mutants-realloop-harness-zmtYwV.tmp/target/debug/build/libgit2-sys-b732f72f12c66050/out/build -L native=/private/var/folders/06/t_ytth4972jbgchqwhyvgvxm0000gp/T/cargo-mutants-realloop-harness-zmtYwV.tmp/target/debug/build/ring-9973b2f35933f637/out -L native=/private/var/folders/06/t_ytth4972jbgchqwhyvgvxm0000gp/T/cargo-mutants-realloop-harness-zmtYwV.tmp/target/debug/build/psm-503fddd416b2bba3/out -L native=/private/var/folders/06/t_ytth4972jbgchqwhyvgvxm0000gp/T/cargo-mutants-realloop-harness-zmtYwV.tmp/target/debug/build/tree-sitter-09104b4152ef7c42/out -L native=/private/var/folders/06/t_ytth4972jbgchqwhyvgvxm0000gp/T/cargo-mutants-realloop-harness-zmtYwV.tmp/target/debug/build/tree-sitter-md-a18ec7f487392bdb/out`
     Running `/Users/scott/.rustup/toolchains/stable-aarch64-apple-darwin/bin/rustc --crate-name yalda_session_server --edition=2024 src/bin/yalda-session-server/main.rs --error-format=json --json=diagnostic-rendered-ansi,artifacts,future-incompat --emit=dep-info,link -C embed-bitcode=no -C debuginfo=2 -C split-debuginfo=unpacked --test --cfg 'feature="default"' --cfg 'feature="test-support"' --cfg 'feature="unstable_session_usage"' --check-cfg 'cfg(docsrs,test)' --check-cfg 'cfg(feature, values("default", "test-support", "unstable_session_usage"))' -C metadata=db353da5898fcc2b -C extra-filename=-bfd7478d460dcccd --out-dir /private/var/folders/06/t_ytth4972jbgchqwhyvgvxm0000gp/T/cargo-mutants-realloop-harness-zmtYwV.tmp/target/debug/deps -C incremental=/private/var/folders/06/t_ytth4972jbgchqwhyvgvxm0000gp/T/cargo-mutants-realloop-harness-zmtYwV.tmp/target/debug/incremental -L dependency=/private/var/folders/06/t_ytth4972jbgchqwhyvgvxm0000gp/T/cargo-mutants-realloop-harness-zmtYwV.tmp/target/debug/deps --extern agent_client_protocol=/private/var/folders/06/t_ytth4972jbgchqwhyvgvxm0000gp/T/cargo-mutants-realloop-harness-zmtYwV.tmp/target/debug/deps/libagent_client_protocol-99b0ef2f175be39d.rlib --extern clap=/private/var/folders/06/t_ytth4972jbgchqwhyvgvxm0000gp/T/cargo-mutants-realloop-harness-zmtYwV.tmp/target/debug/deps/libclap-53f1eaf404a4513b.rlib --extern criterion=/private/var/folders/06/t_ytth4972jbgchqwhyvgvxm0000gp/T/cargo-mutants-realloop-harness-zmtYwV.tmp/target/debug/deps/libcriterion-e775a0c41a7b659e.rlib --extern dirs=/private/var/folders/06/t_ytth4972jbgchqwhyvgvxm0000gp/T/cargo-mutants-realloop-harness-zmtYwV.tmp/target/debug/deps/libdirs-be1e6274fe97d56a.rlib --extern futures=/private/var/folders/06/t_ytth4972jbgchqwhyvgvxm0000gp/T/cargo-mutants-realloop-harness-zmtYwV.tmp/target/debug/deps/libfutures-dcc717f698520f9b.rlib --extern gpui=/private/var/folders/06/t_ytth4972jbgchqwhyvgvxm0000gp/T/cargo-mutants-realloop-harness-zmtYwV.tmp/target/debug/deps/libgpui-4d77236dcb81b61c.rlib --extern insta=/private/var/folders/06/t_ytth4972jbgchqwhyvgvxm0000gp/T/cargo-mutants-realloop-harness-zmtYwV.tmp/target/debug/deps/libinsta-1232e192cd05fc80.rlib --extern kdl=/private/var/folders/06/t_ytth4972jbgchqwhyvgvxm0000gp/T/cargo-mutants-realloop-harness-zmtYwV.tmp/target/debug/deps/libkdl-2d49be1969c24845.rlib --extern libc=/private/var/folders/06/t_ytth4972jbgchqwhyvgvxm0000gp/T/cargo-mutants-realloop-harness-zmtYwV.tmp/target/debug/deps/liblibc-7284c512c01327fa.rlib --extern pretty_assertions=/private/var/folders/06/t_ytth4972jbgchqwhyvgvxm0000gp/T/cargo-mutants-realloop-harness-zmtYwV.tmp/target/debug/deps/libpretty_assertions-9ac39736644780f6.rlib --extern pulldown_cmark=/private/var/folders/06/t_ytth4972jbgchqwhyvgvxm0000gp/T/cargo-mutants-realloop-harness-zmtYwV.tmp/target/debug/deps/libpulldown_cmark-37af8e80cc59d81e.rlib --extern ropey=/private/var/folders/06/t_ytth4972jbgchqwhyvgvxm0000gp/T/cargo-mutants-realloop-harness-zmtYwV.tmp/target/debug/deps/libropey-2f5882a9a3a2ec88.rlib --extern serde=/private/var/folders/06/t_ytth4972jbgchqwhyvgvxm0000gp/T/cargo-mutants-realloop-harness-zmtYwV.tmp/target/debug/deps/libserde-09ca34f43c349f85.rlib --extern serde_json=/private/var/folders/06/t_ytth4972jbgchqwhyvgvxm0000gp/T/cargo-mutants-realloop-harness-zmtYwV.tmp/target/debug/deps/libserde_json-fbcfcf843b882ace.rlib --extern shell_words=/private/var/folders/06/t_ytth4972jbgchqwhyvgvxm0000gp/T/cargo-mutants-realloop-harness-zmtYwV.tmp/target/debug/deps/libshell_words-161b00a23a6f8419.rlib --extern syntect=/private/var/folders/06/t_ytth4972jbgchqwhyvgvxm0000gp/T/cargo-mutants-realloop-harness-zmtYwV.tmp/target/debug/deps/libsyntect-aa1e5140663c734f.rlib --extern tempfile=/private/var/folders/06/t_ytth4972jbgchqwhyvgvxm0000gp/T/cargo-mutants-realloop-harness-zmtYwV.tmp/target/debug/deps/libtempfile-c6c909224f242ca5.rlib --extern tokio=/private/var/folders/06/t_ytth4972jbgchqwhyvgvxm0000gp/T/cargo-mutants-realloop-harness-zmtYwV.tmp/target/debug/deps/libtokio-47477d36903280ff.rlib --extern tokio_util=/private/var/folders/06/t_ytth4972jbgchqwhyvgvxm0000gp/T/cargo-mutants-realloop-harness-zmtYwV.tmp/target/debug/deps/libtokio_util-d190749744391757.rlib --extern tracing=/private/var/folders/06/t_ytth4972jbgchqwhyvgvxm0000gp/T/cargo-mutants-realloop-harness-zmtYwV.tmp/target/debug/deps/libtracing-59f2da8dde2035f8.rlib --extern tracing_subscriber=/private/var/folders/06/t_ytth4972jbgchqwhyvgvxm0000gp/T/cargo-mutants-realloop-harness-zmtYwV.tmp/target/debug/deps/libtracing_subscriber-3013d80590e56595.rlib --extern tree_sitter=/private/var/folders/06/t_ytth4972jbgchqwhyvgvxm0000gp/T/cargo-mutants-realloop-harness-zmtYwV.tmp/target/debug/deps/libtree_sitter-e08d431b118c1095.rlib --extern tree_sitter_md=/private/var/folders/06/t_ytth4972jbgchqwhyvgvxm0000gp/T/cargo-mutants-realloop-harness-zmtYwV.tmp/target/debug/deps/libtree_sitter_md-3243f1d8cb94c4e8.rlib --extern ureq=/private/var/folders/06/t_ytth4972jbgchqwhyvgvxm0000gp/T/cargo-mutants-realloop-harness-zmtYwV.tmp/target/debug/deps/libureq-3dfccae6f0f8797a.rlib --extern uuid=/private/var/folders/06/t_ytth4972jbgchqwhyvgvxm0000gp/T/cargo-mutants-realloop-harness-zmtYwV.tmp/target/debug/deps/libuuid-58fde143714020f0.rlib --extern yalda=/private/var/folders/06/t_ytth4972jbgchqwhyvgvxm0000gp/T/cargo-mutants-realloop-harness-zmtYwV.tmp/target/debug/deps/libyalda-cf322d123f81154b.rlib -L native=/private/var/folders/06/t_ytth4972jbgchqwhyvgvxm0000gp/T/cargo-mutants-realloop-harness-zmtYwV.tmp/target/debug/build/libgit2-sys-b732f72f12c66050/out/build -L native=/private/var/folders/06/t_ytth4972jbgchqwhyvgvxm0000gp/T/cargo-mutants-realloop-harness-zmtYwV.tmp/target/debug/build/ring-9973b2f35933f637/out -L native=/private/var/folders/06/t_ytth4972jbgchqwhyvgvxm0000gp/T/cargo-mutants-realloop-harness-zmtYwV.tmp/target/debug/build/psm-503fddd416b2bba3/out -L native=/private/var/folders/06/t_ytth4972jbgchqwhyvgvxm0000gp/T/cargo-mutants-realloop-harness-zmtYwV.tmp/target/debug/build/tree-sitter-09104b4152ef7c42/out -L native=/private/var/folders/06/t_ytth4972jbgchqwhyvgvxm0000gp/T/cargo-mutants-realloop-harness-zmtYwV.tmp/target/debug/build/tree-sitter-md-a18ec7f487392bdb/out`
     Running `/Users/scott/.rustup/toolchains/stable-aarch64-apple-darwin/bin/rustc --crate-name yalda_gpui --edition=2024 src/bin/yalda-gpui/main.rs --error-format=json --json=diagnostic-rendered-ansi,artifacts,future-incompat --crate-type bin --emit=dep-info,link -C embed-bitcode=no -C debuginfo=2 -C split-debuginfo=unpacked --cfg 'feature="default"' --cfg 'feature="test-support"' --cfg 'feature="unstable_session_usage"' --check-cfg 'cfg(docsrs,test)' --check-cfg 'cfg(feature, values("default", "test-support", "unstable_session_usage"))' -C metadata=3bfe1237940178f3 -C extra-filename=-731a8ad6ae779d18 --out-dir /private/var/folders/06/t_ytth4972jbgchqwhyvgvxm0000gp/T/cargo-mutants-realloop-harness-zmtYwV.tmp/target/debug/deps -C incremental=/private/var/folders/06/t_ytth4972jbgchqwhyvgvxm0000gp/T/cargo-mutants-realloop-harness-zmtYwV.tmp/target/debug/incremental -L dependency=/private/var/folders/06/t_ytth4972jbgchqwhyvgvxm0000gp/T/cargo-mutants-realloop-harness-zmtYwV.tmp/target/debug/deps --extern agent_client_protocol=/private/var/folders/06/t_ytth4972jbgchqwhyvgvxm0000gp/T/cargo-mutants-realloop-harness-zmtYwV.tmp/target/debug/deps/libagent_client_protocol-99b0ef2f175be39d.rlib --extern clap=/private/var/folders/06/t_ytth4972jbgchqwhyvgvxm0000gp/T/cargo-mutants-realloop-harness-zmtYwV.tmp/target/debug/deps/libclap-53f1eaf404a4513b.rlib --extern dirs=/private/var/folders/06/t_ytth4972jbgchqwhyvgvxm0000gp/T/cargo-mutants-realloop-harness-zmtYwV.tmp/target/debug/deps/libdirs-be1e6274fe97d56a.rlib --extern futures=/private/var/folders/06/t_ytth4972jbgchqwhyvgvxm0000gp/T/cargo-mutants-realloop-harness-zmtYwV.tmp/target/debug/deps/libfutures-dcc717f698520f9b.rlib --extern gpui=/private/var/folders/06/t_ytth4972jbgchqwhyvgvxm0000gp/T/cargo-mutants-realloop-harness-zmtYwV.tmp/target/debug/deps/libgpui-4d77236dcb81b61c.rlib --extern kdl=/private/var/folders/06/t_ytth4972jbgchqwhyvgvxm0000gp/T/cargo-mutants-realloop-harness-zmtYwV.tmp/target/debug/deps/libkdl-2d49be1969c24845.rlib --extern libc=/private/var/folders/06/t_ytth4972jbgchqwhyvgvxm0000gp/T/cargo-mutants-realloop-harness-zmtYwV.tmp/target/debug/deps/liblibc-7284c512c01327fa.rlib --extern pulldown_cmark=/private/var/folders/06/t_ytth4972jbgchqwhyvgvxm0000gp/T/cargo-mutants-realloop-harness-zmtYwV.tmp/target/debug/deps/libpulldown_cmark-37af8e80cc59d81e.rlib --extern ropey=/private/var/folders/06/t_ytth4972jbgchqwhyvgvxm0000gp/T/cargo-mutants-realloop-harness-zmtYwV.tmp/target/debug/deps/libropey-2f5882a9a3a2ec88.rlib --extern serde=/private/var/folders/06/t_ytth4972jbgchqwhyvgvxm0000gp/T/cargo-mutants-realloop-harness-zmtYwV.tmp/target/debug/deps/libserde-09ca34f43c349f85.rlib --extern serde_json=/private/var/folders/06/t_ytth4972jbgchqwhyvgvxm0000gp/T/cargo-mutants-realloop-harness-zmtYwV.tmp/target/debug/deps/libserde_json-fbcfcf843b882ace.rlib --extern shell_words=/private/var/folders/06/t_ytth4972jbgchqwhyvgvxm0000gp/T/cargo-mutants-realloop-harness-zmtYwV.tmp/target/debug/deps/libshell_words-161b00a23a6f8419.rlib --extern syntect=/private/var/folders/06/t_ytth4972jbgchqwhyvgvxm0000gp/T/cargo-mutants-realloop-harness-zmtYwV.tmp/target/debug/deps/libsyntect-aa1e5140663c734f.rlib --extern tokio=/private/var/folders/06/t_ytth4972jbgchqwhyvgvxm0000gp/T/cargo-mutants-realloop-harness-zmtYwV.tmp/target/debug/deps/libtokio-47477d36903280ff.rlib --extern tokio_util=/private/var/folders/06/t_ytth4972jbgchqwhyvgvxm0000gp/T/cargo-mutants-realloop-harness-zmtYwV.tmp/target/debug/deps/libtokio_util-d190749744391757.rlib --extern tracing=/private/var/folders/06/t_ytth4972jbgchqwhyvgvxm0000gp/T/cargo-mutants-realloop-harness-zmtYwV.tmp/target/debug/deps/libtracing-59f2da8dde2035f8.rlib --extern tracing_subscriber=/private/var/folders/06/t_ytth4972jbgchqwhyvgvxm0000gp/T/cargo-mutants-realloop-harness-zmtYwV.tmp/target/debug/deps/libtracing_subscriber-3013d80590e56595.rlib --extern tree_sitter=/private/var/folders/06/t_ytth4972jbgchqwhyvgvxm0000gp/T/cargo-mutants-realloop-harness-zmtYwV.tmp/target/debug/deps/libtree_sitter-e08d431b118c1095.rlib --extern tree_sitter_md=/private/var/folders/06/t_ytth4972jbgchqwhyvgvxm0000gp/T/cargo-mutants-realloop-harness-zmtYwV.tmp/target/debug/deps/libtree_sitter_md-3243f1d8cb94c4e8.rlib --extern ureq=/private/var/folders/06/t_ytth4972jbgchqwhyvgvxm0000gp/T/cargo-mutants-realloop-harness-zmtYwV.tmp/target/debug/deps/libureq-3dfccae6f0f8797a.rlib --extern uuid=/private/var/folders/06/t_ytth4972jbgchqwhyvgvxm0000gp/T/cargo-mutants-realloop-harness-zmtYwV.tmp/target/debug/deps/libuuid-58fde143714020f0.rlib --extern yalda=/private/var/folders/06/t_ytth4972jbgchqwhyvgvxm0000gp/T/cargo-mutants-realloop-harness-zmtYwV.tmp/target/debug/deps/libyalda-cf322d123f81154b.rlib -L native=/private/var/folders/06/t_ytth4972jbgchqwhyvgvxm0000gp/T/cargo-mutants-realloop-harness-zmtYwV.tmp/target/debug/build/libgit2-sys-b732f72f12c66050/out/build -L native=/private/var/folders/06/t_ytth4972jbgchqwhyvgvxm0000gp/T/cargo-mutants-realloop-harness-zmtYwV.tmp/target/debug/build/ring-9973b2f35933f637/out -L native=/private/var/folders/06/t_ytth4972jbgchqwhyvgvxm0000gp/T/cargo-mutants-realloop-harness-zmtYwV.tmp/target/debug/build/psm-503fddd416b2bba3/out -L native=/private/var/folders/06/t_ytth4972jbgchqwhyvgvxm0000gp/T/cargo-mutants-realloop-harness-zmtYwV.tmp/target/debug/build/tree-sitter-09104b4152ef7c42/out -L native=/private/var/folders/06/t_ytth4972jbgchqwhyvgvxm0000gp/T/cargo-mutants-realloop-harness-zmtYwV.tmp/target/debug/build/tree-sitter-md-a18ec7f487392bdb/out`
     Running `/Users/scott/.rustup/toolchains/stable-aarch64-apple-darwin/bin/rustc --crate-name file_browser_test --edition=2024 tests/file_browser_test.rs --error-format=json --json=diagnostic-rendered-ansi,artifacts,future-incompat --emit=dep-info,link -C embed-bitcode=no -C debuginfo=2 -C split-debuginfo=unpacked --test --cfg 'feature="default"' --cfg 'feature="test-support"' --cfg 'feature="unstable_session_usage"' --check-cfg 'cfg(docsrs,test)' --check-cfg 'cfg(feature, values("default", "test-support", "unstable_session_usage"))' -C metadata=8ec9a4bd1b02e95a -C extra-filename=-5d3fd3f20287fdbb --out-dir /private/var/folders/06/t_ytth4972jbgchqwhyvgvxm0000gp/T/cargo-mutants-realloop-harness-zmtYwV.tmp/target/debug/deps -C incremental=/private/var/folders/06/t_ytth4972jbgchqwhyvgvxm0000gp/T/cargo-mutants-realloop-harness-zmtYwV.tmp/target/debug/incremental -L dependency=/private/var/folders/06/t_ytth4972jbgchqwhyvgvxm0000gp/T/cargo-mutants-realloop-harness-zmtYwV.tmp/target/debug/deps --extern agent_client_protocol=/private/var/folders/06/t_ytth4972jbgchqwhyvgvxm0000gp/T/cargo-mutants-realloop-harness-zmtYwV.tmp/target/debug/deps/libagent_client_protocol-99b0ef2f175be39d.rlib --extern clap=/private/var/folders/06/t_ytth4972jbgchqwhyvgvxm0000gp/T/cargo-mutants-realloop-harness-zmtYwV.tmp/target/debug/deps/libclap-53f1eaf404a4513b.rlib --extern criterion=/private/var/folders/06/t_ytth4972jbgchqwhyvgvxm0000gp/T/cargo-mutants-realloop-harness-zmtYwV.tmp/target/debug/deps/libcriterion-e775a0c41a7b659e.rlib --extern dirs=/private/var/folders/06/t_ytth4972jbgchqwhyvgvxm0000gp/T/cargo-mutants-realloop-harness-zmtYwV.tmp/target/debug/deps/libdirs-be1e6274fe97d56a.rlib --extern futures=/private/var/folders/06/t_ytth4972jbgchqwhyvgvxm0000gp/T/cargo-mutants-realloop-harness-zmtYwV.tmp/target/debug/deps/libfutures-dcc717f698520f9b.rlib --extern gpui=/private/var/folders/06/t_ytth4972jbgchqwhyvgvxm0000gp/T/cargo-mutants-realloop-harness-zmtYwV.tmp/target/debug/deps/libgpui-4d77236dcb81b61c.rlib --extern insta=/private/var/folders/06/t_ytth4972jbgchqwhyvgvxm0000gp/T/cargo-mutants-realloop-harness-zmtYwV.tmp/target/debug/deps/libinsta-1232e192cd05fc80.rlib --extern kdl=/private/var/folders/06/t_ytth4972jbgchqwhyvgvxm0000gp/T/cargo-mutants-realloop-harness-zmtYwV.tmp/target/debug/deps/libkdl-2d49be1969c24845.rlib --extern libc=/private/var/folders/06/t_ytth4972jbgchqwhyvgvxm0000gp/T/cargo-mutants-realloop-harness-zmtYwV.tmp/target/debug/deps/liblibc-7284c512c01327fa.rlib --extern pretty_assertions=/private/var/folders/06/t_ytth4972jbgchqwhyvgvxm0000gp/T/cargo-mutants-realloop-harness-zmtYwV.tmp/target/debug/deps/libpretty_assertions-9ac39736644780f6.rlib --extern pulldown_cmark=/private/var/folders/06/t_ytth4972jbgchqwhyvgvxm0000gp/T/cargo-mutants-realloop-harness-zmtYwV.tmp/target/debug/deps/libpulldown_cmark-37af8e80cc59d81e.rlib --extern ropey=/private/var/folders/06/t_ytth4972jbgchqwhyvgvxm0000gp/T/cargo-mutants-realloop-harness-zmtYwV.tmp/target/debug/deps/libropey-2f5882a9a3a2ec88.rlib --extern serde=/private/var/folders/06/t_ytth4972jbgchqwhyvgvxm0000gp/T/cargo-mutants-realloop-harness-zmtYwV.tmp/target/debug/deps/libserde-09ca34f43c349f85.rlib --extern serde_json=/private/var/folders/06/t_ytth4972jbgchqwhyvgvxm0000gp/T/cargo-mutants-realloop-harness-zmtYwV.tmp/target/debug/deps/libserde_json-fbcfcf843b882ace.rlib --extern shell_words=/private/var/folders/06/t_ytth4972jbgchqwhyvgvxm0000gp/T/cargo-mutants-realloop-harness-zmtYwV.tmp/target/debug/deps/libshell_words-161b00a23a6f8419.rlib --extern syntect=/private/var/folders/06/t_ytth4972jbgchqwhyvgvxm0000gp/T/cargo-mutants-realloop-harness-zmtYwV.tmp/target/debug/deps/libsyntect-aa1e5140663c734f.rlib --extern tempfile=/private/var/folders/06/t_ytth4972jbgchqwhyvgvxm0000gp/T/cargo-mutants-realloop-harness-zmtYwV.tmp/target/debug/deps/libtempfile-c6c909224f242ca5.rlib --extern tokio=/private/var/folders/06/t_ytth4972jbgchqwhyvgvxm0000gp/T/cargo-mutants-realloop-harness-zmtYwV.tmp/target/debug/deps/libtokio-47477d36903280ff.rlib --extern tokio_util=/private/var/folders/06/t_ytth4972jbgchqwhyvgvxm0000gp/T/cargo-mutants-realloop-harness-zmtYwV.tmp/target/debug/deps/libtokio_util-d190749744391757.rlib --extern tracing=/private/var/folders/06/t_ytth4972jbgchqwhyvgvxm0000gp/T/cargo-mutants-realloop-harness-zmtYwV.tmp/target/debug/deps/libtracing-59f2da8dde2035f8.rlib --extern tracing_subscriber=/private/var/folders/06/t_ytth4972jbgchqwhyvgvxm0000gp/T/cargo-mutants-realloop-harness-zmtYwV.tmp/target/debug/deps/libtracing_subscriber-3013d80590e56595.rlib --extern tree_sitter=/private/var/folders/06/t_ytth4972jbgchqwhyvgvxm0000gp/T/cargo-mutants-realloop-harness-zmtYwV.tmp/target/debug/deps/libtree_sitter-e08d431b118c1095.rlib --extern tree_sitter_md=/private/var/folders/06/t_ytth4972jbgchqwhyvgvxm0000gp/T/cargo-mutants-realloop-harness-zmtYwV.tmp/target/debug/deps/libtree_sitter_md-3243f1d8cb94c4e8.rlib --extern ureq=/private/var/folders/06/t_ytth4972jbgchqwhyvgvxm0000gp/T/cargo-mutants-realloop-harness-zmtYwV.tmp/target/debug/deps/libureq-3dfccae6f0f8797a.rlib --extern uuid=/private/var/folders/06/t_ytth4972jbgchqwhyvgvxm0000gp/T/cargo-mutants-realloop-harness-zmtYwV.tmp/target/debug/deps/libuuid-58fde143714020f0.rlib --extern yalda=/private/var/folders/06/t_ytth4972jbgchqwhyvgvxm0000gp/T/cargo-mutants-realloop-harness-zmtYwV.tmp/target/debug/deps/libyalda-cf322d123f81154b.rlib -L native=/private/var/folders/06/t_ytth4972jbgchqwhyvgvxm0000gp/T/cargo-mutants-realloop-harness-zmtYwV.tmp/target/debug/build/libgit2-sys-b732f72f12c66050/out/build -L native=/private/var/folders/06/t_ytth4972jbgchqwhyvgvxm0000gp/T/cargo-mutants-realloop-harness-zmtYwV.tmp/target/debug/build/ring-9973b2f35933f637/out -L native=/private/var/folders/06/t_ytth4972jbgchqwhyvgvxm0000gp/T/cargo-mutants-realloop-harness-zmtYwV.tmp/target/debug/build/psm-503fddd416b2bba3/out -L native=/private/var/folders/06/t_ytth4972jbgchqwhyvgvxm0000gp/T/cargo-mutants-realloop-harness-zmtYwV.tmp/target/debug/build/tree-sitter-09104b4152ef7c42/out -L native=/private/var/folders/06/t_ytth4972jbgchqwhyvgvxm0000gp/T/cargo-mutants-realloop-harness-zmtYwV.tmp/target/debug/build/tree-sitter-md-a18ec7f487392bdb/out`
     Running `/Users/scott/.rustup/toolchains/stable-aarch64-apple-darwin/bin/rustc --crate-name steering_midturn_live --edition=2024 tests/steering_midturn_live.rs --error-format=json --json=diagnostic-rendered-ansi,artifacts,future-incompat --emit=dep-info,link -C embed-bitcode=no -C debuginfo=2 -C split-debuginfo=unpacked --test --cfg 'feature="default"' --cfg 'feature="test-support"' --cfg 'feature="unstable_session_usage"' --check-cfg 'cfg(docsrs,test)' --check-cfg 'cfg(feature, values("default", "test-support", "unstable_session_usage"))' -C metadata=f19c2ea5863bbea5 -C extra-filename=-319e57dc5106d01e --out-dir /private/var/folders/06/t_ytth4972jbgchqwhyvgvxm0000gp/T/cargo-mutants-realloop-harness-zmtYwV.tmp/target/debug/deps -C incremental=/private/var/folders/06/t_ytth4972jbgchqwhyvgvxm0000gp/T/cargo-mutants-realloop-harness-zmtYwV.tmp/target/debug/incremental -L dependency=/private/var/folders/06/t_ytth4972jbgchqwhyvgvxm0000gp/T/cargo-mutants-realloop-harness-zmtYwV.tmp/target/debug/deps --extern agent_client_protocol=/private/var/folders/06/t_ytth4972jbgchqwhyvgvxm0000gp/T/cargo-mutants-realloop-harness-zmtYwV.tmp/target/debug/deps/libagent_client_protocol-99b0ef2f175be39d.rlib --extern clap=/private/var/folders/06/t_ytth4972jbgchqwhyvgvxm0000gp/T/cargo-mutants-realloop-harness-zmtYwV.tmp/target/debug/deps/libclap-53f1eaf404a4513b.rlib --extern criterion=/private/var/folders/06/t_ytth4972jbgchqwhyvgvxm0000gp/T/cargo-mutants-realloop-harness-zmtYwV.tmp/target/debug/deps/libcriterion-e775a0c41a7b659e.rlib --extern dirs=/private/var/folders/06/t_ytth4972jbgchqwhyvgvxm0000gp/T/cargo-mutants-realloop-harness-zmtYwV.tmp/target/debug/deps/libdirs-be1e6274fe97d56a.rlib --extern futures=/private/var/folders/06/t_ytth4972jbgchqwhyvgvxm0000gp/T/cargo-mutants-realloop-harness-zmtYwV.tmp/target/debug/deps/libfutures-dcc717f698520f9b.rlib --extern gpui=/private/var/folders/06/t_ytth4972jbgchqwhyvgvxm0000gp/T/cargo-mutants-realloop-harness-zmtYwV.tmp/target/debug/deps/libgpui-4d77236dcb81b61c.rlib --extern insta=/private/var/folders/06/t_ytth4972jbgchqwhyvgvxm0000gp/T/cargo-mutants-realloop-harness-zmtYwV.tmp/target/debug/deps/libinsta-1232e192cd05fc80.rlib --extern kdl=/private/var/folders/06/t_ytth4972jbgchqwhyvgvxm0000gp/T/cargo-mutants-realloop-harness-zmtYwV.tmp/target/debug/deps/libkdl-2d49be1969c24845.rlib --extern libc=/private/var/folders/06/t_ytth4972jbgchqwhyvgvxm0000gp/T/cargo-mutants-realloop-harness-zmtYwV.tmp/target/debug/deps/liblibc-7284c512c01327fa.rlib --extern pretty_assertions=/private/var/folders/06/t_ytth4972jbgchqwhyvgvxm0000gp/T/cargo-mutants-realloop-harness-zmtYwV.tmp/target/debug/deps/libpretty_assertions-9ac39736644780f6.rlib --extern pulldown_cmark=/private/var/folders/06/t_ytth4972jbgchqwhyvgvxm0000gp/T/cargo-mutants-realloop-harness-zmtYwV.tmp/target/debug/deps/libpulldown_cmark-37af8e80cc59d81e.rlib --extern ropey=/private/var/folders/06/t_ytth4972jbgchqwhyvgvxm0000gp/T/cargo-mutants-realloop-harness-zmtYwV.tmp/target/debug/deps/libropey-2f5882a9a3a2ec88.rlib --extern serde=/private/var/folders/06/t_ytth4972jbgchqwhyvgvxm0000gp/T/cargo-mutants-realloop-harness-zmtYwV.tmp/target/debug/deps/libserde-09ca34f43c349f85.rlib --extern serde_json=/private/var/folders/06/t_ytth4972jbgchqwhyvgvxm0000gp/T/cargo-mutants-realloop-harness-zmtYwV.tmp/target/debug/deps/libserde_json-fbcfcf843b882ace.rlib --extern shell_words=/private/var/folders/06/t_ytth4972jbgchqwhyvgvxm0000gp/T/cargo-mutants-realloop-harness-zmtYwV.tmp/target/debug/deps/libshell_words-161b00a23a6f8419.rlib --extern syntect=/private/var/folders/06/t_ytth4972jbgchqwhyvgvxm0000gp/T/cargo-mutants-realloop-harness-zmtYwV.tmp/target/debug/deps/libsyntect-aa1e5140663c734f.rlib --extern tempfile=/private/var/folders/06/t_ytth4972jbgchqwhyvgvxm0000gp/T/cargo-mutants-realloop-harness-zmtYwV.tmp/target/debug/deps/libtempfile-c6c909224f242ca5.rlib --extern tokio=/private/var/folders/06/t_ytth4972jbgchqwhyvgvxm0000gp/T/cargo-mutants-realloop-harness-zmtYwV.tmp/target/debug/deps/libtokio-47477d36903280ff.rlib --extern tokio_util=/private/var/folders/06/t_ytth4972jbgchqwhyvgvxm0000gp/T/cargo-mutants-realloop-harness-zmtYwV.tmp/target/debug/deps/libtokio_util-d190749744391757.rlib --extern tracing=/private/var/folders/06/t_ytth4972jbgchqwhyvgvxm0000gp/T/cargo-mutants-realloop-harness-zmtYwV.tmp/target/debug/deps/libtracing-59f2da8dde2035f8.rlib --extern tracing_subscriber=/private/var/folders/06/t_ytth4972jbgchqwhyvgvxm0000gp/T/cargo-mutants-realloop-harness-zmtYwV.tmp/target/debug/deps/libtracing_subscriber-3013d80590e56595.rlib --extern tree_sitter=/private/var/folders/06/t_ytth4972jbgchqwhyvgvxm0000gp/T/cargo-mutants-realloop-harness-zmtYwV.tmp/target/debug/deps/libtree_sitter-e08d431b118c1095.rlib --extern tree_sitter_md=/private/var/folders/06/t_ytth4972jbgchqwhyvgvxm0000gp/T/cargo-mutants-realloop-harness-zmtYwV.tmp/target/debug/deps/libtree_sitter_md-3243f1d8cb94c4e8.rlib --extern ureq=/private/var/folders/06/t_ytth4972jbgchqwhyvgvxm0000gp/T/cargo-mutants-realloop-harness-zmtYwV.tmp/target/debug/deps/libureq-3dfccae6f0f8797a.rlib --extern uuid=/private/var/folders/06/t_ytth4972jbgchqwhyvgvxm0000gp/T/cargo-mutants-realloop-harness-zmtYwV.tmp/target/debug/deps/libuuid-58fde143714020f0.rlib --extern yalda=/private/var/folders/06/t_ytth4972jbgchqwhyvgvxm0000gp/T/cargo-mutants-realloop-harness-zmtYwV.tmp/target/debug/deps/libyalda-cf322d123f81154b.rlib -L native=/private/var/folders/06/t_ytth4972jbgchqwhyvgvxm0000gp/T/cargo-mutants-realloop-harness-zmtYwV.tmp/target/debug/build/libgit2-sys-b732f72f12c66050/out/build -L native=/private/var/folders/06/t_ytth4972jbgchqwhyvgvxm0000gp/T/cargo-mutants-realloop-harness-zmtYwV.tmp/target/debug/build/ring-9973b2f35933f637/out -L native=/private/var/folders/06/t_ytth4972jbgchqwhyvgvxm0000gp/T/cargo-mutants-realloop-harness-zmtYwV.tmp/target/debug/build/psm-503fddd416b2bba3/out -L native=/private/var/folders/06/t_ytth4972jbgchqwhyvgvxm0000gp/T/cargo-mutants-realloop-harness-zmtYwV.tmp/target/debug/build/tree-sitter-09104b4152ef7c42/out -L native=/private/var/folders/06/t_ytth4972jbgchqwhyvgvxm0000gp/T/cargo-mutants-realloop-harness-zmtYwV.tmp/target/debug/build/tree-sitter-md-a18ec7f487392bdb/out`
     Running `/Users/scott/.rustup/toolchains/stable-aarch64-apple-darwin/bin/rustc --crate-name parse_test --edition=2024 tests/parse_test.rs --error-format=json --json=diagnostic-rendered-ansi,artifacts,future-incompat --emit=dep-info,link -C embed-bitcode=no -C debuginfo=2 -C split-debuginfo=unpacked --test --cfg 'feature="default"' --cfg 'feature="test-support"' --cfg 'feature="unstable_session_usage"' --check-cfg 'cfg(docsrs,test)' --check-cfg 'cfg(feature, values("default", "test-support", "unstable_session_usage"))' -C metadata=480b9dc42e7036eb -C extra-filename=-e92afb6dd170f687 --out-dir /private/var/folders/06/t_ytth4972jbgchqwhyvgvxm0000gp/T/cargo-mutants-realloop-harness-zmtYwV.tmp/target/debug/deps -C incremental=/private/var/folders/06/t_ytth4972jbgchqwhyvgvxm0000gp/T/cargo-mutants-realloop-harness-zmtYwV.tmp/target/debug/incremental -L dependency=/private/var/folders/06/t_ytth4972jbgchqwhyvgvxm0000gp/T/cargo-mutants-realloop-harness-zmtYwV.tmp/target/debug/deps --extern agent_client_protocol=/private/var/folders/06/t_ytth4972jbgchqwhyvgvxm0000gp/T/cargo-mutants-realloop-harness-zmtYwV.tmp/target/debug/deps/libagent_client_protocol-99b0ef2f175be39d.rlib --extern clap=/private/var/folders/06/t_ytth4972jbgchqwhyvgvxm0000gp/T/cargo-mutants-realloop-harness-zmtYwV.tmp/target/debug/deps/libclap-53f1eaf404a4513b.rlib --extern criterion=/private/var/folders/06/t_ytth4972jbgchqwhyvgvxm0000gp/T/cargo-mutants-realloop-harness-zmtYwV.tmp/target/debug/deps/libcriterion-e775a0c41a7b659e.rlib --extern dirs=/private/var/folders/06/t_ytth4972jbgchqwhyvgvxm0000gp/T/cargo-mutants-realloop-harness-zmtYwV.tmp/target/debug/deps/libdirs-be1e6274fe97d56a.rlib --extern futures=/private/var/folders/06/t_ytth4972jbgchqwhyvgvxm0000gp/T/cargo-mutants-realloop-harness-zmtYwV.tmp/target/debug/deps/libfutures-dcc717f698520f9b.rlib --extern gpui=/private/var/folders/06/t_ytth4972jbgchqwhyvgvxm0000gp/T/cargo-mutants-realloop-harness-zmtYwV.tmp/target/debug/deps/libgpui-4d77236dcb81b61c.rlib --extern insta=/private/var/folders/06/t_ytth4972jbgchqwhyvgvxm0000gp/T/cargo-mutants-realloop-harness-zmtYwV.tmp/target/debug/deps/libinsta-1232e192cd05fc80.rlib --extern kdl=/private/var/folders/06/t_ytth4972jbgchqwhyvgvxm0000gp/T/cargo-mutants-realloop-harness-zmtYwV.tmp/target/debug/deps/libkdl-2d49be1969c24845.rlib --extern libc=/private/var/folders/06/t_ytth4972jbgchqwhyvgvxm0000gp/T/cargo-mutants-realloop-harness-zmtYwV.tmp/target/debug/deps/liblibc-7284c512c01327fa.rlib --extern pretty_assertions=/private/var/folders/06/t_ytth4972jbgchqwhyvgvxm0000gp/T/cargo-mutants-realloop-harness-zmtYwV.tmp/target/debug/deps/libpretty_assertions-9ac39736644780f6.rlib --extern pulldown_cmark=/private/var/folders/06/t_ytth4972jbgchqwhyvgvxm0000gp/T/cargo-mutants-realloop-harness-zmtYwV.tmp/target/debug/deps/libpulldown_cmark-37af8e80cc59d81e.rlib --extern ropey=/private/var/folders/06/t_ytth4972jbgchqwhyvgvxm0000gp/T/cargo-mutants-realloop-harness-zmtYwV.tmp/target/debug/deps/libropey-2f5882a9a3a2ec88.rlib --extern serde=/private/var/folders/06/t_ytth4972jbgchqwhyvgvxm0000gp/T/cargo-mutants-realloop-harness-zmtYwV.tmp/target/debug/deps/libserde-09ca34f43c349f85.rlib --extern serde_json=/private/var/folders/06/t_ytth4972jbgchqwhyvgvxm0000gp/T/cargo-mutants-realloop-harness-zmtYwV.tmp/target/debug/deps/libserde_json-fbcfcf843b882ace.rlib --extern shell_words=/private/var/folders/06/t_ytth4972jbgchqwhyvgvxm0000gp/T/cargo-mutants-realloop-harness-zmtYwV.tmp/target/debug/deps/libshell_words-161b00a23a6f8419.rlib --extern syntect=/private/var/folders/06/t_ytth4972jbgchqwhyvgvxm0000gp/T/cargo-mutants-realloop-harness-zmtYwV.tmp/target/debug/deps/libsyntect-aa1e5140663c734f.rlib --extern tempfile=/private/var/folders/06/t_ytth4972jbgchqwhyvgvxm0000gp/T/cargo-mutants-realloop-harness-zmtYwV.tmp/target/debug/deps/libtempfile-c6c909224f242ca5.rlib --extern tokio=/private/var/folders/06/t_ytth4972jbgchqwhyvgvxm0000gp/T/cargo-mutants-realloop-harness-zmtYwV.tmp/target/debug/deps/libtokio-47477d36903280ff.rlib --extern tokio_util=/private/var/folders/06/t_ytth4972jbgchqwhyvgvxm0000gp/T/cargo-mutants-realloop-harness-zmtYwV.tmp/target/debug/deps/libtokio_util-d190749744391757.rlib --extern tracing=/private/var/folders/06/t_ytth4972jbgchqwhyvgvxm0000gp/T/cargo-mutants-realloop-harness-zmtYwV.tmp/target/debug/deps/libtracing-59f2da8dde2035f8.rlib --extern tracing_subscriber=/private/var/folders/06/t_ytth4972jbgchqwhyvgvxm0000gp/T/cargo-mutants-realloop-harness-zmtYwV.tmp/target/debug/deps/libtracing_subscriber-3013d80590e56595.rlib --extern tree_sitter=/private/var/folders/06/t_ytth4972jbgchqwhyvgvxm0000gp/T/cargo-mutants-realloop-harness-zmtYwV.tmp/target/debug/deps/libtree_sitter-e08d431b118c1095.rlib --extern tree_sitter_md=/private/var/folders/06/t_ytth4972jbgchqwhyvgvxm0000gp/T/cargo-mutants-realloop-harness-zmtYwV.tmp/target/debug/deps/libtree_sitter_md-3243f1d8cb94c4e8.rlib --extern ureq=/private/var/folders/06/t_ytth4972jbgchqwhyvgvxm0000gp/T/cargo-mutants-realloop-harness-zmtYwV.tmp/target/debug/deps/libureq-3dfccae6f0f8797a.rlib --extern uuid=/private/var/folders/06/t_ytth4972jbgchqwhyvgvxm0000gp/T/cargo-mutants-realloop-harness-zmtYwV.tmp/target/debug/deps/libuuid-58fde143714020f0.rlib --extern yalda=/private/var/folders/06/t_ytth4972jbgchqwhyvgvxm0000gp/T/cargo-mutants-realloop-harness-zmtYwV.tmp/target/debug/deps/libyalda-cf322d123f81154b.rlib -L native=/private/var/folders/06/t_ytth4972jbgchqwhyvgvxm0000gp/T/cargo-mutants-realloop-harness-zmtYwV.tmp/target/debug/build/libgit2-sys-b732f72f12c66050/out/build -L native=/private/var/folders/06/t_ytth4972jbgchqwhyvgvxm0000gp/T/cargo-mutants-realloop-harness-zmtYwV.tmp/target/debug/build/ring-9973b2f35933f637/out -L native=/private/var/folders/06/t_ytth4972jbgchqwhyvgvxm0000gp/T/cargo-mutants-realloop-harness-zmtYwV.tmp/target/debug/build/psm-503fddd416b2bba3/out -L native=/private/var/folders/06/t_ytth4972jbgchqwhyvgvxm0000gp/T/cargo-mutants-realloop-harness-zmtYwV.tmp/target/debug/build/tree-sitter-09104b4152ef7c42/out -L native=/private/var/folders/06/t_ytth4972jbgchqwhyvgvxm0000gp/T/cargo-mutants-realloop-harness-zmtYwV.tmp/target/debug/build/tree-sitter-md-a18ec7f487392bdb/out`
     Running `/Users/scott/.rustup/toolchains/stable-aarch64-apple-darwin/bin/rustc --crate-name keys_test --edition=2024 tests/keys_test.rs --error-format=json --json=diagnostic-rendered-ansi,artifacts,future-incompat --emit=dep-info,link -C embed-bitcode=no -C debuginfo=2 -C split-debuginfo=unpacked --test --cfg 'feature="default"' --cfg 'feature="test-support"' --cfg 'feature="unstable_session_usage"' --check-cfg 'cfg(docsrs,test)' --check-cfg 'cfg(feature, values("default", "test-support", "unstable_session_usage"))' -C metadata=6b67f0929d3c9664 -C extra-filename=-40432b1941eaa6b5 --out-dir /private/var/folders/06/t_ytth4972jbgchqwhyvgvxm0000gp/T/cargo-mutants-realloop-harness-zmtYwV.tmp/target/debug/deps -C incremental=/private/var/folders/06/t_ytth4972jbgchqwhyvgvxm0000gp/T/cargo-mutants-realloop-harness-zmtYwV.tmp/target/debug/incremental -L dependency=/private/var/folders/06/t_ytth4972jbgchqwhyvgvxm0000gp/T/cargo-mutants-realloop-harness-zmtYwV.tmp/target/debug/deps --extern agent_client_protocol=/private/var/folders/06/t_ytth4972jbgchqwhyvgvxm0000gp/T/cargo-mutants-realloop-harness-zmtYwV.tmp/target/debug/deps/libagent_client_protocol-99b0ef2f175be39d.rlib --extern clap=/private/var/folders/06/t_ytth4972jbgchqwhyvgvxm0000gp/T/cargo-mutants-realloop-harness-zmtYwV.tmp/target/debug/deps/libclap-53f1eaf404a4513b.rlib --extern criterion=/private/var/folders/06/t_ytth4972jbgchqwhyvgvxm0000gp/T/cargo-mutants-realloop-harness-zmtYwV.tmp/target/debug/deps/libcriterion-e775a0c41a7b659e.rlib --extern dirs=/private/var/folders/06/t_ytth4972jbgchqwhyvgvxm0000gp/T/cargo-mutants-realloop-harness-zmtYwV.tmp/target/debug/deps/libdirs-be1e6274fe97d56a.rlib --extern futures=/private/var/folders/06/t_ytth4972jbgchqwhyvgvxm0000gp/T/cargo-mutants-realloop-harness-zmtYwV.tmp/target/debug/deps/libfutures-dcc717f698520f9b.rlib --extern gpui=/private/var/folders/06/t_ytth4972jbgchqwhyvgvxm0000gp/T/cargo-mutants-realloop-harness-zmtYwV.tmp/target/debug/deps/libgpui-4d77236dcb81b61c.rlib --extern insta=/private/var/folders/06/t_ytth4972jbgchqwhyvgvxm0000gp/T/cargo-mutants-realloop-harness-zmtYwV.tmp/target/debug/deps/libinsta-1232e192cd05fc80.rlib --extern kdl=/private/var/folders/06/t_ytth4972jbgchqwhyvgvxm0000gp/T/cargo-mutants-realloop-harness-zmtYwV.tmp/target/debug/deps/libkdl-2d49be1969c24845.rlib --extern libc=/private/var/folders/06/t_ytth4972jbgchqwhyvgvxm0000gp/T/cargo-mutants-realloop-harness-zmtYwV.tmp/target/debug/deps/liblibc-7284c512c01327fa.rlib --extern pretty_assertions=/private/var/folders/06/t_ytth4972jbgchqwhyvgvxm0000gp/T/cargo-mutants-realloop-harness-zmtYwV.tmp/target/debug/deps/libpretty_assertions-9ac39736644780f6.rlib --extern pulldown_cmark=/private/var/folders/06/t_ytth4972jbgchqwhyvgvxm0000gp/T/cargo-mutants-realloop-harness-zmtYwV.tmp/target/debug/deps/libpulldown_cmark-37af8e80cc59d81e.rlib --extern ropey=/private/var/folders/06/t_ytth4972jbgchqwhyvgvxm0000gp/T/cargo-mutants-realloop-harness-zmtYwV.tmp/target/debug/deps/libropey-2f5882a9a3a2ec88.rlib --extern serde=/private/var/folders/06/t_ytth4972jbgchqwhyvgvxm0000gp/T/cargo-mutants-realloop-harness-zmtYwV.tmp/target/debug/deps/libserde-09ca34f43c349f85.rlib --extern serde_json=/private/var/folders/06/t_ytth4972jbgchqwhyvgvxm0000gp/T/cargo-mutants-realloop-harness-zmtYwV.tmp/target/debug/deps/libserde_json-fbcfcf843b882ace.rlib --extern shell_words=/private/var/folders/06/t_ytth4972jbgchqwhyvgvxm0000gp/T/cargo-mutants-realloop-harness-zmtYwV.tmp/target/debug/deps/libshell_words-161b00a23a6f8419.rlib --extern syntect=/private/var/folders/06/t_ytth4972jbgchqwhyvgvxm0000gp/T/cargo-mutants-realloop-harness-zmtYwV.tmp/target/debug/deps/libsyntect-aa1e5140663c734f.rlib --extern tempfile=/private/var/folders/06/t_ytth4972jbgchqwhyvgvxm0000gp/T/cargo-mutants-realloop-harness-zmtYwV.tmp/target/debug/deps/libtempfile-c6c909224f242ca5.rlib --extern tokio=/private/var/folders/06/t_ytth4972jbgchqwhyvgvxm0000gp/T/cargo-mutants-realloop-harness-zmtYwV.tmp/target/debug/deps/libtokio-47477d36903280ff.rlib --extern tokio_util=/private/var/folders/06/t_ytth4972jbgchqwhyvgvxm0000gp/T/cargo-mutants-realloop-harness-zmtYwV.tmp/target/debug/deps/libtokio_util-d190749744391757.rlib --extern tracing=/private/var/folders/06/t_ytth4972jbgchqwhyvgvxm0000gp/T/cargo-mutants-realloop-harness-zmtYwV.tmp/target/debug/deps/libtracing-59f2da8dde2035f8.rlib --extern tracing_subscriber=/private/var/folders/06/t_ytth4972jbgchqwhyvgvxm0000gp/T/cargo-mutants-realloop-harness-zmtYwV.tmp/target/debug/deps/libtracing_subscriber-3013d80590e56595.rlib --extern tree_sitter=/private/var/folders/06/t_ytth4972jbgchqwhyvgvxm0000gp/T/cargo-mutants-realloop-harness-zmtYwV.tmp/target/debug/deps/libtree_sitter-e08d431b118c1095.rlib --extern tree_sitter_md=/private/var/folders/06/t_ytth4972jbgchqwhyvgvxm0000gp/T/cargo-mutants-realloop-harness-zmtYwV.tmp/target/debug/deps/libtree_sitter_md-3243f1d8cb94c4e8.rlib --extern ureq=/private/var/folders/06/t_ytth4972jbgchqwhyvgvxm0000gp/T/cargo-mutants-realloop-harness-zmtYwV.tmp/target/debug/deps/libureq-3dfccae6f0f8797a.rlib --extern uuid=/private/var/folders/06/t_ytth4972jbgchqwhyvgvxm0000gp/T/cargo-mutants-realloop-harness-zmtYwV.tmp/target/debug/deps/libuuid-58fde143714020f0.rlib --extern yalda=/private/var/folders/06/t_ytth4972jbgchqwhyvgvxm0000gp/T/cargo-mutants-realloop-harness-zmtYwV.tmp/target/debug/deps/libyalda-cf322d123f81154b.rlib -L native=/private/var/folders/06/t_ytth4972jbgchqwhyvgvxm0000gp/T/cargo-mutants-realloop-harness-zmtYwV.tmp/target/debug/build/libgit2-sys-b732f72f12c66050/out/build -L native=/private/var/folders/06/t_ytth4972jbgchqwhyvgvxm0000gp/T/cargo-mutants-realloop-harness-zmtYwV.tmp/target/debug/build/ring-9973b2f35933f637/out -L native=/private/var/folders/06/t_ytth4972jbgchqwhyvgvxm0000gp/T/cargo-mutants-realloop-harness-zmtYwV.tmp/target/debug/build/psm-503fddd416b2bba3/out -L native=/private/var/folders/06/t_ytth4972jbgchqwhyvgvxm0000gp/T/cargo-mutants-realloop-harness-zmtYwV.tmp/target/debug/build/tree-sitter-09104b4152ef7c42/out -L native=/private/var/folders/06/t_ytth4972jbgchqwhyvgvxm0000gp/T/cargo-mutants-realloop-harness-zmtYwV.tmp/target/debug/build/tree-sitter-md-a18ec7f487392bdb/out`
     Running `/Users/scott/.rustup/toolchains/stable-aarch64-apple-darwin/bin/rustc --crate-name config_test --edition=2024 tests/config_test.rs --error-format=json --json=diagnostic-rendered-ansi,artifacts,future-incompat --emit=dep-info,link -C embed-bitcode=no -C debuginfo=2 -C split-debuginfo=unpacked --test --cfg 'feature="default"' --cfg 'feature="test-support"' --cfg 'feature="unstable_session_usage"' --check-cfg 'cfg(docsrs,test)' --check-cfg 'cfg(feature, values("default", "test-support", "unstable_session_usage"))' -C metadata=13d267825e195b1b -C extra-filename=-f01448e9dc7bab18 --out-dir /private/var/folders/06/t_ytth4972jbgchqwhyvgvxm0000gp/T/cargo-mutants-realloop-harness-zmtYwV.tmp/target/debug/deps -C incremental=/private/var/folders/06/t_ytth4972jbgchqwhyvgvxm0000gp/T/cargo-mutants-realloop-harness-zmtYwV.tmp/target/debug/incremental -L dependency=/private/var/folders/06/t_ytth4972jbgchqwhyvgvxm0000gp/T/cargo-mutants-realloop-harness-zmtYwV.tmp/target/debug/deps --extern agent_client_protocol=/private/var/folders/06/t_ytth4972jbgchqwhyvgvxm0000gp/T/cargo-mutants-realloop-harness-zmtYwV.tmp/target/debug/deps/libagent_client_protocol-99b0ef2f175be39d.rlib --extern clap=/private/var/folders/06/t_ytth4972jbgchqwhyvgvxm0000gp/T/cargo-mutants-realloop-harness-zmtYwV.tmp/target/debug/deps/libclap-53f1eaf404a4513b.rlib --extern criterion=/private/var/folders/06/t_ytth4972jbgchqwhyvgvxm0000gp/T/cargo-mutants-realloop-harness-zmtYwV.tmp/target/debug/deps/libcriterion-e775a0c41a7b659e.rlib --extern dirs=/private/var/folders/06/t_ytth4972jbgchqwhyvgvxm0000gp/T/cargo-mutants-realloop-harness-zmtYwV.tmp/target/debug/deps/libdirs-be1e6274fe97d56a.rlib --extern futures=/private/var/folders/06/t_ytth4972jbgchqwhyvgvxm0000gp/T/cargo-mutants-realloop-harness-zmtYwV.tmp/target/debug/deps/libfutures-dcc717f698520f9b.rlib --extern gpui=/private/var/folders/06/t_ytth4972jbgchqwhyvgvxm0000gp/T/cargo-mutants-realloop-harness-zmtYwV.tmp/target/debug/deps/libgpui-4d77236dcb81b61c.rlib --extern insta=/private/var/folders/06/t_ytth4972jbgchqwhyvgvxm0000gp/T/cargo-mutants-realloop-harness-zmtYwV.tmp/target/debug/deps/libinsta-1232e192cd05fc80.rlib --extern kdl=/private/var/folders/06/t_ytth4972jbgchqwhyvgvxm0000gp/T/cargo-mutants-realloop-harness-zmtYwV.tmp/target/debug/deps/libkdl-2d49be1969c24845.rlib --extern libc=/private/var/folders/06/t_ytth4972jbgchqwhyvgvxm0000gp/T/cargo-mutants-realloop-harness-zmtYwV.tmp/target/debug/deps/liblibc-7284c512c01327fa.rlib --extern pretty_assertions=/private/var/folders/06/t_ytth4972jbgchqwhyvgvxm0000gp/T/cargo-mutants-realloop-harness-zmtYwV.tmp/target/debug/deps/libpretty_assertions-9ac39736644780f6.rlib --extern pulldown_cmark=/private/var/folders/06/t_ytth4972jbgchqwhyvgvxm0000gp/T/cargo-mutants-realloop-harness-zmtYwV.tmp/target/debug/deps/libpulldown_cmark-37af8e80cc59d81e.rlib --extern ropey=/private/var/folders/06/t_ytth4972jbgchqwhyvgvxm0000gp/T/cargo-mutants-realloop-harness-zmtYwV.tmp/target/debug/deps/libropey-2f5882a9a3a2ec88.rlib --extern serde=/private/var/folders/06/t_ytth4972jbgchqwhyvgvxm0000gp/T/cargo-mutants-realloop-harness-zmtYwV.tmp/target/debug/deps/libserde-09ca34f43c349f85.rlib --extern serde_json=/private/var/folders/06/t_ytth4972jbgchqwhyvgvxm0000gp/T/cargo-mutants-realloop-harness-zmtYwV.tmp/target/debug/deps/libserde_json-fbcfcf843b882ace.rlib --extern shell_words=/private/var/folders/06/t_ytth4972jbgchqwhyvgvxm0000gp/T/cargo-mutants-realloop-harness-zmtYwV.tmp/target/debug/deps/libshell_words-161b00a23a6f8419.rlib --extern syntect=/private/var/folders/06/t_ytth4972jbgchqwhyvgvxm0000gp/T/cargo-mutants-realloop-harness-zmtYwV.tmp/target/debug/deps/libsyntect-aa1e5140663c734f.rlib --extern tempfile=/private/var/folders/06/t_ytth4972jbgchqwhyvgvxm0000gp/T/cargo-mutants-realloop-harness-zmtYwV.tmp/target/debug/deps/libtempfile-c6c909224f242ca5.rlib --extern tokio=/private/var/folders/06/t_ytth4972jbgchqwhyvgvxm0000gp/T/cargo-mutants-realloop-harness-zmtYwV.tmp/target/debug/deps/libtokio-47477d36903280ff.rlib --extern tokio_util=/private/var/folders/06/t_ytth4972jbgchqwhyvgvxm0000gp/T/cargo-mutants-realloop-harness-zmtYwV.tmp/target/debug/deps/libtokio_util-d190749744391757.rlib --extern tracing=/private/var/folders/06/t_ytth4972jbgchqwhyvgvxm0000gp/T/cargo-mutants-realloop-harness-zmtYwV.tmp/target/debug/deps/libtracing-59f2da8dde2035f8.rlib --extern tracing_subscriber=/private/var/folders/06/t_ytth4972jbgchqwhyvgvxm0000gp/T/cargo-mutants-realloop-harness-zmtYwV.tmp/target/debug/deps/libtracing_subscriber-3013d80590e56595.rlib --extern tree_sitter=/private/var/folders/06/t_ytth4972jbgchqwhyvgvxm0000gp/T/cargo-mutants-realloop-harness-zmtYwV.tmp/target/debug/deps/libtree_sitter-e08d431b118c1095.rlib --extern tree_sitter_md=/private/var/folders/06/t_ytth4972jbgchqwhyvgvxm0000gp/T/cargo-mutants-realloop-harness-zmtYwV.tmp/target/debug/deps/libtree_sitter_md-3243f1d8cb94c4e8.rlib --extern ureq=/private/var/folders/06/t_ytth4972jbgchqwhyvgvxm0000gp/T/cargo-mutants-realloop-harness-zmtYwV.tmp/target/debug/deps/libureq-3dfccae6f0f8797a.rlib --extern uuid=/private/var/folders/06/t_ytth4972jbgchqwhyvgvxm0000gp/T/cargo-mutants-realloop-harness-zmtYwV.tmp/target/debug/deps/libuuid-58fde143714020f0.rlib --extern yalda=/private/var/folders/06/t_ytth4972jbgchqwhyvgvxm0000gp/T/cargo-mutants-realloop-harness-zmtYwV.tmp/target/debug/deps/libyalda-cf322d123f81154b.rlib -L native=/private/var/folders/06/t_ytth4972jbgchqwhyvgvxm0000gp/T/cargo-mutants-realloop-harness-zmtYwV.tmp/target/debug/build/libgit2-sys-b732f72f12c66050/out/build -L native=/private/var/folders/06/t_ytth4972jbgchqwhyvgvxm0000gp/T/cargo-mutants-realloop-harness-zmtYwV.tmp/target/debug/build/ring-9973b2f35933f637/out -L native=/private/var/folders/06/t_ytth4972jbgchqwhyvgvxm0000gp/T/cargo-mutants-realloop-harness-zmtYwV.tmp/target/debug/build/psm-503fddd416b2bba3/out -L native=/private/var/folders/06/t_ytth4972jbgchqwhyvgvxm0000gp/T/cargo-mutants-realloop-harness-zmtYwV.tmp/target/debug/build/tree-sitter-09104b4152ef7c42/out -L native=/private/var/folders/06/t_ytth4972jbgchqwhyvgvxm0000gp/T/cargo-mutants-realloop-harness-zmtYwV.tmp/target/debug/build/tree-sitter-md-a18ec7f487392bdb/out`
     Running `/Users/scott/.rustup/toolchains/stable-aarch64-apple-darwin/bin/rustc --crate-name document_test --edition=2024 tests/document_test.rs --error-format=json --json=diagnostic-rendered-ansi,artifacts,future-incompat --emit=dep-info,link -C embed-bitcode=no -C debuginfo=2 -C split-debuginfo=unpacked --test --cfg 'feature="default"' --cfg 'feature="test-support"' --cfg 'feature="unstable_session_usage"' --check-cfg 'cfg(docsrs,test)' --check-cfg 'cfg(feature, values("default", "test-support", "unstable_session_usage"))' -C metadata=1ba87f0e26b32bd7 -C extra-filename=-1093c5d4b41b46e2 --out-dir /private/var/folders/06/t_ytth4972jbgchqwhyvgvxm0000gp/T/cargo-mutants-realloop-harness-zmtYwV.tmp/target/debug/deps -C incremental=/private/var/folders/06/t_ytth4972jbgchqwhyvgvxm0000gp/T/cargo-mutants-realloop-harness-zmtYwV.tmp/target/debug/incremental -L dependency=/private/var/folders/06/t_ytth4972jbgchqwhyvgvxm0000gp/T/cargo-mutants-realloop-harness-zmtYwV.tmp/target/debug/deps --extern agent_client_protocol=/private/var/folders/06/t_ytth4972jbgchqwhyvgvxm0000gp/T/cargo-mutants-realloop-harness-zmtYwV.tmp/target/debug/deps/libagent_client_protocol-99b0ef2f175be39d.rlib --extern clap=/private/var/folders/06/t_ytth4972jbgchqwhyvgvxm0000gp/T/cargo-mutants-realloop-harness-zmtYwV.tmp/target/debug/deps/libclap-53f1eaf404a4513b.rlib --extern criterion=/private/var/folders/06/t_ytth4972jbgchqwhyvgvxm0000gp/T/cargo-mutants-realloop-harness-zmtYwV.tmp/target/debug/deps/libcriterion-e775a0c41a7b659e.rlib --extern dirs=/private/var/folders/06/t_ytth4972jbgchqwhyvgvxm0000gp/T/cargo-mutants-realloop-harness-zmtYwV.tmp/target/debug/deps/libdirs-be1e6274fe97d56a.rlib --extern futures=/private/var/folders/06/t_ytth4972jbgchqwhyvgvxm0000gp/T/cargo-mutants-realloop-harness-zmtYwV.tmp/target/debug/deps/libfutures-dcc717f698520f9b.rlib --extern gpui=/private/var/folders/06/t_ytth4972jbgchqwhyvgvxm0000gp/T/cargo-mutants-realloop-harness-zmtYwV.tmp/target/debug/deps/libgpui-4d77236dcb81b61c.rlib --extern insta=/private/var/folders/06/t_ytth4972jbgchqwhyvgvxm0000gp/T/cargo-mutants-realloop-harness-zmtYwV.tmp/target/debug/deps/libinsta-1232e192cd05fc80.rlib --extern kdl=/private/var/folders/06/t_ytth4972jbgchqwhyvgvxm0000gp/T/cargo-mutants-realloop-harness-zmtYwV.tmp/target/debug/deps/libkdl-2d49be1969c24845.rlib --extern libc=/private/var/folders/06/t_ytth4972jbgchqwhyvgvxm0000gp/T/cargo-mutants-realloop-harness-zmtYwV.tmp/target/debug/deps/liblibc-7284c512c01327fa.rlib --extern pretty_assertions=/private/var/folders/06/t_ytth4972jbgchqwhyvgvxm0000gp/T/cargo-mutants-realloop-harness-zmtYwV.tmp/target/debug/deps/libpretty_assertions-9ac39736644780f6.rlib --extern pulldown_cmark=/private/var/folders/06/t_ytth4972jbgchqwhyvgvxm0000gp/T/cargo-mutants-realloop-harness-zmtYwV.tmp/target/debug/deps/libpulldown_cmark-37af8e80cc59d81e.rlib --extern ropey=/private/var/folders/06/t_ytth4972jbgchqwhyvgvxm0000gp/T/cargo-mutants-realloop-harness-zmtYwV.tmp/target/debug/deps/libropey-2f5882a9a3a2ec88.rlib --extern serde=/private/var/folders/06/t_ytth4972jbgchqwhyvgvxm0000gp/T/cargo-mutants-realloop-harness-zmtYwV.tmp/target/debug/deps/libserde-09ca34f43c349f85.rlib --extern serde_json=/private/var/folders/06/t_ytth4972jbgchqwhyvgvxm0000gp/T/cargo-mutants-realloop-harness-zmtYwV.tmp/target/debug/deps/libserde_json-fbcfcf843b882ace.rlib --extern shell_words=/private/var/folders/06/t_ytth4972jbgchqwhyvgvxm0000gp/T/cargo-mutants-realloop-harness-zmtYwV.tmp/target/debug/deps/libshell_words-161b00a23a6f8419.rlib --extern syntect=/private/var/folders/06/t_ytth4972jbgchqwhyvgvxm0000gp/T/cargo-mutants-realloop-harness-zmtYwV.tmp/target/debug/deps/libsyntect-aa1e5140663c734f.rlib --extern tempfile=/private/var/folders/06/t_ytth4972jbgchqwhyvgvxm0000gp/T/cargo-mutants-realloop-harness-zmtYwV.tmp/target/debug/deps/libtempfile-c6c909224f242ca5.rlib --extern tokio=/private/var/folders/06/t_ytth4972jbgchqwhyvgvxm0000gp/T/cargo-mutants-realloop-harness-zmtYwV.tmp/target/debug/deps/libtokio-47477d36903280ff.rlib --extern tokio_util=/private/var/folders/06/t_ytth4972jbgchqwhyvgvxm0000gp/T/cargo-mutants-realloop-harness-zmtYwV.tmp/target/debug/deps/libtokio_util-d190749744391757.rlib --extern tracing=/private/var/folders/06/t_ytth4972jbgchqwhyvgvxm0000gp/T/cargo-mutants-realloop-harness-zmtYwV.tmp/target/debug/deps/libtracing-59f2da8dde2035f8.rlib --extern tracing_subscriber=/private/var/folders/06/t_ytth4972jbgchqwhyvgvxm0000gp/T/cargo-mutants-realloop-harness-zmtYwV.tmp/target/debug/deps/libtracing_subscriber-3013d80590e56595.rlib --extern tree_sitter=/private/var/folders/06/t_ytth4972jbgchqwhyvgvxm0000gp/T/cargo-mutants-realloop-harness-zmtYwV.tmp/target/debug/deps/libtree_sitter-e08d431b118c1095.rlib --extern tree_sitter_md=/private/var/folders/06/t_ytth4972jbgchqwhyvgvxm0000gp/T/cargo-mutants-realloop-harness-zmtYwV.tmp/target/debug/deps/libtree_sitter_md-3243f1d8cb94c4e8.rlib --extern ureq=/private/var/folders/06/t_ytth4972jbgchqwhyvgvxm0000gp/T/cargo-mutants-realloop-harness-zmtYwV.tmp/target/debug/deps/libureq-3dfccae6f0f8797a.rlib --extern uuid=/private/var/folders/06/t_ytth4972jbgchqwhyvgvxm0000gp/T/cargo-mutants-realloop-harness-zmtYwV.tmp/target/debug/deps/libuuid-58fde143714020f0.rlib --extern yalda=/private/var/folders/06/t_ytth4972jbgchqwhyvgvxm0000gp/T/cargo-mutants-realloop-harness-zmtYwV.tmp/target/debug/deps/libyalda-cf322d123f81154b.rlib -L native=/private/var/folders/06/t_ytth4972jbgchqwhyvgvxm0000gp/T/cargo-mutants-realloop-harness-zmtYwV.tmp/target/debug/build/libgit2-sys-b732f72f12c66050/out/build -L native=/private/var/folders/06/t_ytth4972jbgchqwhyvgvxm0000gp/T/cargo-mutants-realloop-harness-zmtYwV.tmp/target/debug/build/ring-9973b2f35933f637/out -L native=/private/var/folders/06/t_ytth4972jbgchqwhyvgvxm0000gp/T/cargo-mutants-realloop-harness-zmtYwV.tmp/target/debug/build/psm-503fddd416b2bba3/out -L native=/private/var/folders/06/t_ytth4972jbgchqwhyvgvxm0000gp/T/cargo-mutants-realloop-harness-zmtYwV.tmp/target/debug/build/tree-sitter-09104b4152ef7c42/out -L native=/private/var/folders/06/t_ytth4972jbgchqwhyvgvxm0000gp/T/cargo-mutants-realloop-harness-zmtYwV.tmp/target/debug/build/tree-sitter-md-a18ec7f487392bdb/out`
     Running `/Users/scott/.rustup/toolchains/stable-aarch64-apple-darwin/bin/rustc --crate-name session_resilience_test --edition=2024 tests/session_resilience_test.rs --error-format=json --json=diagnostic-rendered-ansi,artifacts,future-incompat --emit=dep-info,link -C embed-bitcode=no -C debuginfo=2 -C split-debuginfo=unpacked --test --cfg 'feature="default"' --cfg 'feature="test-support"' --cfg 'feature="unstable_session_usage"' --check-cfg 'cfg(docsrs,test)' --check-cfg 'cfg(feature, values("default", "test-support", "unstable_session_usage"))' -C metadata=2c9e08f2e0b20a73 -C extra-filename=-798f3a9578bc549c --out-dir /private/var/folders/06/t_ytth4972jbgchqwhyvgvxm0000gp/T/cargo-mutants-realloop-harness-zmtYwV.tmp/target/debug/deps -C incremental=/private/var/folders/06/t_ytth4972jbgchqwhyvgvxm0000gp/T/cargo-mutants-realloop-harness-zmtYwV.tmp/target/debug/incremental -L dependency=/private/var/folders/06/t_ytth4972jbgchqwhyvgvxm0000gp/T/cargo-mutants-realloop-harness-zmtYwV.tmp/target/debug/deps --extern agent_client_protocol=/private/var/folders/06/t_ytth4972jbgchqwhyvgvxm0000gp/T/cargo-mutants-realloop-harness-zmtYwV.tmp/target/debug/deps/libagent_client_protocol-99b0ef2f175be39d.rlib --extern clap=/private/var/folders/06/t_ytth4972jbgchqwhyvgvxm0000gp/T/cargo-mutants-realloop-harness-zmtYwV.tmp/target/debug/deps/libclap-53f1eaf404a4513b.rlib --extern criterion=/private/var/folders/06/t_ytth4972jbgchqwhyvgvxm0000gp/T/cargo-mutants-realloop-harness-zmtYwV.tmp/target/debug/deps/libcriterion-e775a0c41a7b659e.rlib --extern dirs=/private/var/folders/06/t_ytth4972jbgchqwhyvgvxm0000gp/T/cargo-mutants-realloop-harness-zmtYwV.tmp/target/debug/deps/libdirs-be1e6274fe97d56a.rlib --extern futures=/private/var/folders/06/t_ytth4972jbgchqwhyvgvxm0000gp/T/cargo-mutants-realloop-harness-zmtYwV.tmp/target/debug/deps/libfutures-dcc717f698520f9b.rlib --extern gpui=/private/var/folders/06/t_ytth4972jbgchqwhyvgvxm0000gp/T/cargo-mutants-realloop-harness-zmtYwV.tmp/target/debug/deps/libgpui-4d77236dcb81b61c.rlib --extern insta=/private/var/folders/06/t_ytth4972jbgchqwhyvgvxm0000gp/T/cargo-mutants-realloop-harness-zmtYwV.tmp/target/debug/deps/libinsta-1232e192cd05fc80.rlib --extern kdl=/private/var/folders/06/t_ytth4972jbgchqwhyvgvxm0000gp/T/cargo-mutants-realloop-harness-zmtYwV.tmp/target/debug/deps/libkdl-2d49be1969c24845.rlib --extern libc=/private/var/folders/06/t_ytth4972jbgchqwhyvgvxm0000gp/T/cargo-mutants-realloop-harness-zmtYwV.tmp/target/debug/deps/liblibc-7284c512c01327fa.rlib --extern pretty_assertions=/private/var/folders/06/t_ytth4972jbgchqwhyvgvxm0000gp/T/cargo-mutants-realloop-harness-zmtYwV.tmp/target/debug/deps/libpretty_assertions-9ac39736644780f6.rlib --extern pulldown_cmark=/private/var/folders/06/t_ytth4972jbgchqwhyvgvxm0000gp/T/cargo-mutants-realloop-harness-zmtYwV.tmp/target/debug/deps/libpulldown_cmark-37af8e80cc59d81e.rlib --extern ropey=/private/var/folders/06/t_ytth4972jbgchqwhyvgvxm0000gp/T/cargo-mutants-realloop-harness-zmtYwV.tmp/target/debug/deps/libropey-2f5882a9a3a2ec88.rlib --extern serde=/private/var/folders/06/t_ytth4972jbgchqwhyvgvxm0000gp/T/cargo-mutants-realloop-harness-zmtYwV.tmp/target/debug/deps/libserde-09ca34f43c349f85.rlib --extern serde_json=/private/var/folders/06/t_ytth4972jbgchqwhyvgvxm0000gp/T/cargo-mutants-realloop-harness-zmtYwV.tmp/target/debug/deps/libserde_json-fbcfcf843b882ace.rlib --extern shell_words=/private/var/folders/06/t_ytth4972jbgchqwhyvgvxm0000gp/T/cargo-mutants-realloop-harness-zmtYwV.tmp/target/debug/deps/libshell_words-161b00a23a6f8419.rlib --extern syntect=/private/var/folders/06/t_ytth4972jbgchqwhyvgvxm0000gp/T/cargo-mutants-realloop-harness-zmtYwV.tmp/target/debug/deps/libsyntect-aa1e5140663c734f.rlib --extern tempfile=/private/var/folders/06/t_ytth4972jbgchqwhyvgvxm0000gp/T/cargo-mutants-realloop-harness-zmtYwV.tmp/target/debug/deps/libtempfile-c6c909224f242ca5.rlib --extern tokio=/private/var/folders/06/t_ytth4972jbgchqwhyvgvxm0000gp/T/cargo-mutants-realloop-harness-zmtYwV.tmp/target/debug/deps/libtokio-47477d36903280ff.rlib --extern tokio_util=/private/var/folders/06/t_ytth4972jbgchqwhyvgvxm0000gp/T/cargo-mutants-realloop-harness-zmtYwV.tmp/target/debug/deps/libtokio_util-d190749744391757.rlib --extern tracing=/private/var/folders/06/t_ytth4972jbgchqwhyvgvxm0000gp/T/cargo-mutants-realloop-harness-zmtYwV.tmp/target/debug/deps/libtracing-59f2da8dde2035f8.rlib --extern tracing_subscriber=/private/var/folders/06/t_ytth4972jbgchqwhyvgvxm0000gp/T/cargo-mutants-realloop-harness-zmtYwV.tmp/target/debug/deps/libtracing_subscriber-3013d80590e56595.rlib --extern tree_sitter=/private/var/folders/06/t_ytth4972jbgchqwhyvgvxm0000gp/T/cargo-mutants-realloop-harness-zmtYwV.tmp/target/debug/deps/libtree_sitter-e08d431b118c1095.rlib --extern tree_sitter_md=/private/var/folders/06/t_ytth4972jbgchqwhyvgvxm0000gp/T/cargo-mutants-realloop-harness-zmtYwV.tmp/target/debug/deps/libtree_sitter_md-3243f1d8cb94c4e8.rlib --extern ureq=/private/var/folders/06/t_ytth4972jbgchqwhyvgvxm0000gp/T/cargo-mutants-realloop-harness-zmtYwV.tmp/target/debug/deps/libureq-3dfccae6f0f8797a.rlib --extern uuid=/private/var/folders/06/t_ytth4972jbgchqwhyvgvxm0000gp/T/cargo-mutants-realloop-harness-zmtYwV.tmp/target/debug/deps/libuuid-58fde143714020f0.rlib --extern yalda=/private/var/folders/06/t_ytth4972jbgchqwhyvgvxm0000gp/T/cargo-mutants-realloop-harness-zmtYwV.tmp/target/debug/deps/libyalda-cf322d123f81154b.rlib -L native=/private/var/folders/06/t_ytth4972jbgchqwhyvgvxm0000gp/T/cargo-mutants-realloop-harness-zmtYwV.tmp/target/debug/build/libgit2-sys-b732f72f12c66050/out/build -L native=/private/var/folders/06/t_ytth4972jbgchqwhyvgvxm0000gp/T/cargo-mutants-realloop-harness-zmtYwV.tmp/target/debug/build/ring-9973b2f35933f637/out -L native=/private/var/folders/06/t_ytth4972jbgchqwhyvgvxm0000gp/T/cargo-mutants-realloop-harness-zmtYwV.tmp/target/debug/build/psm-503fddd416b2bba3/out -L native=/private/var/folders/06/t_ytth4972jbgchqwhyvgvxm0000gp/T/cargo-mutants-realloop-harness-zmtYwV.tmp/target/debug/build/tree-sitter-09104b4152ef7c42/out -L native=/private/var/folders/06/t_ytth4972jbgchqwhyvgvxm0000gp/T/cargo-mutants-realloop-harness-zmtYwV.tmp/target/debug/build/tree-sitter-md-a18ec7f487392bdb/out`
     Running `/Users/scott/.rustup/toolchains/stable-aarch64-apple-darwin/bin/rustc --crate-name menu_test --edition=2024 tests/menu_test.rs --error-format=json --json=diagnostic-rendered-ansi,artifacts,future-incompat --emit=dep-info,link -C embed-bitcode=no -C debuginfo=2 -C split-debuginfo=unpacked --test --cfg 'feature="default"' --cfg 'feature="test-support"' --cfg 'feature="unstable_session_usage"' --check-cfg 'cfg(docsrs,test)' --check-cfg 'cfg(feature, values("default", "test-support", "unstable_session_usage"))' -C metadata=ea1b453b7a747f0d -C extra-filename=-47918f27fb549aa2 --out-dir /private/var/folders/06/t_ytth4972jbgchqwhyvgvxm0000gp/T/cargo-mutants-realloop-harness-zmtYwV.tmp/target/debug/deps -C incremental=/private/var/folders/06/t_ytth4972jbgchqwhyvgvxm0000gp/T/cargo-mutants-realloop-harness-zmtYwV.tmp/target/debug/incremental -L dependency=/private/var/folders/06/t_ytth4972jbgchqwhyvgvxm0000gp/T/cargo-mutants-realloop-harness-zmtYwV.tmp/target/debug/deps --extern agent_client_protocol=/private/var/folders/06/t_ytth4972jbgchqwhyvgvxm0000gp/T/cargo-mutants-realloop-harness-zmtYwV.tmp/target/debug/deps/libagent_client_protocol-99b0ef2f175be39d.rlib --extern clap=/private/var/folders/06/t_ytth4972jbgchqwhyvgvxm0000gp/T/cargo-mutants-realloop-harness-zmtYwV.tmp/target/debug/deps/libclap-53f1eaf404a4513b.rlib --extern criterion=/private/var/folders/06/t_ytth4972jbgchqwhyvgvxm0000gp/T/cargo-mutants-realloop-harness-zmtYwV.tmp/target/debug/deps/libcriterion-e775a0c41a7b659e.rlib --extern dirs=/private/var/folders/06/t_ytth4972jbgchqwhyvgvxm0000gp/T/cargo-mutants-realloop-harness-zmtYwV.tmp/target/debug/deps/libdirs-be1e6274fe97d56a.rlib --extern futures=/private/var/folders/06/t_ytth4972jbgchqwhyvgvxm0000gp/T/cargo-mutants-realloop-harness-zmtYwV.tmp/target/debug/deps/libfutures-dcc717f698520f9b.rlib --extern gpui=/private/var/folders/06/t_ytth4972jbgchqwhyvgvxm0000gp/T/cargo-mutants-realloop-harness-zmtYwV.tmp/target/debug/deps/libgpui-4d77236dcb81b61c.rlib --extern insta=/private/var/folders/06/t_ytth4972jbgchqwhyvgvxm0000gp/T/cargo-mutants-realloop-harness-zmtYwV.tmp/target/debug/deps/libinsta-1232e192cd05fc80.rlib --extern kdl=/private/var/folders/06/t_ytth4972jbgchqwhyvgvxm0000gp/T/cargo-mutants-realloop-harness-zmtYwV.tmp/target/debug/deps/libkdl-2d49be1969c24845.rlib --extern libc=/private/var/folders/06/t_ytth4972jbgchqwhyvgvxm0000gp/T/cargo-mutants-realloop-harness-zmtYwV.tmp/target/debug/deps/liblibc-7284c512c01327fa.rlib --extern pretty_assertions=/private/var/folders/06/t_ytth4972jbgchqwhyvgvxm0000gp/T/cargo-mutants-realloop-harness-zmtYwV.tmp/target/debug/deps/libpretty_assertions-9ac39736644780f6.rlib --extern pulldown_cmark=/private/var/folders/06/t_ytth4972jbgchqwhyvgvxm0000gp/T/cargo-mutants-realloop-harness-zmtYwV.tmp/target/debug/deps/libpulldown_cmark-37af8e80cc59d81e.rlib --extern ropey=/private/var/folders/06/t_ytth4972jbgchqwhyvgvxm0000gp/T/cargo-mutants-realloop-harness-zmtYwV.tmp/target/debug/deps/libropey-2f5882a9a3a2ec88.rlib --extern serde=/private/var/folders/06/t_ytth4972jbgchqwhyvgvxm0000gp/T/cargo-mutants-realloop-harness-zmtYwV.tmp/target/debug/deps/libserde-09ca34f43c349f85.rlib --extern serde_json=/private/var/folders/06/t_ytth4972jbgchqwhyvgvxm0000gp/T/cargo-mutants-realloop-harness-zmtYwV.tmp/target/debug/deps/libserde_json-fbcfcf843b882ace.rlib --extern shell_words=/private/var/folders/06/t_ytth4972jbgchqwhyvgvxm0000gp/T/cargo-mutants-realloop-harness-zmtYwV.tmp/target/debug/deps/libshell_words-161b00a23a6f8419.rlib --extern syntect=/private/var/folders/06/t_ytth4972jbgchqwhyvgvxm0000gp/T/cargo-mutants-realloop-harness-zmtYwV.tmp/target/debug/deps/libsyntect-aa1e5140663c734f.rlib --extern tempfile=/private/var/folders/06/t_ytth4972jbgchqwhyvgvxm0000gp/T/cargo-mutants-realloop-harness-zmtYwV.tmp/target/debug/deps/libtempfile-c6c909224f242ca5.rlib --extern tokio=/private/var/folders/06/t_ytth4972jbgchqwhyvgvxm0000gp/T/cargo-mutants-realloop-harness-zmtYwV.tmp/target/debug/deps/libtokio-47477d36903280ff.rlib --extern tokio_util=/private/var/folders/06/t_ytth4972jbgchqwhyvgvxm0000gp/T/cargo-mutants-realloop-harness-zmtYwV.tmp/target/debug/deps/libtokio_util-d190749744391757.rlib --extern tracing=/private/var/folders/06/t_ytth4972jbgchqwhyvgvxm0000gp/T/cargo-mutants-realloop-harness-zmtYwV.tmp/target/debug/deps/libtracing-59f2da8dde2035f8.rlib --extern tracing_subscriber=/private/var/folders/06/t_ytth4972jbgchqwhyvgvxm0000gp/T/cargo-mutants-realloop-harness-zmtYwV.tmp/target/debug/deps/libtracing_subscriber-3013d80590e56595.rlib --extern tree_sitter=/private/var/folders/06/t_ytth4972jbgchqwhyvgvxm0000gp/T/cargo-mutants-realloop-harness-zmtYwV.tmp/target/debug/deps/libtree_sitter-e08d431b118c1095.rlib --extern tree_sitter_md=/private/var/folders/06/t_ytth4972jbgchqwhyvgvxm0000gp/T/cargo-mutants-realloop-harness-zmtYwV.tmp/target/debug/deps/libtree_sitter_md-3243f1d8cb94c4e8.rlib --extern ureq=/private/var/folders/06/t_ytth4972jbgchqwhyvgvxm0000gp/T/cargo-mutants-realloop-harness-zmtYwV.tmp/target/debug/deps/libureq-3dfccae6f0f8797a.rlib --extern uuid=/private/var/folders/06/t_ytth4972jbgchqwhyvgvxm0000gp/T/cargo-mutants-realloop-harness-zmtYwV.tmp/target/debug/deps/libuuid-58fde143714020f0.rlib --extern yalda=/private/var/folders/06/t_ytth4972jbgchqwhyvgvxm0000gp/T/cargo-mutants-realloop-harness-zmtYwV.tmp/target/debug/deps/libyalda-cf322d123f81154b.rlib -L native=/private/var/folders/06/t_ytth4972jbgchqwhyvgvxm0000gp/T/cargo-mutants-realloop-harness-zmtYwV.tmp/target/debug/build/libgit2-sys-b732f72f12c66050/out/build -L native=/private/var/folders/06/t_ytth4972jbgchqwhyvgvxm0000gp/T/cargo-mutants-realloop-harness-zmtYwV.tmp/target/debug/build/ring-9973b2f35933f637/out -L native=/private/var/folders/06/t_ytth4972jbgchqwhyvgvxm0000gp/T/cargo-mutants-realloop-harness-zmtYwV.tmp/target/debug/build/psm-503fddd416b2bba3/out -L native=/private/var/folders/06/t_ytth4972jbgchqwhyvgvxm0000gp/T/cargo-mutants-realloop-harness-zmtYwV.tmp/target/debug/build/tree-sitter-09104b4152ef7c42/out -L native=/private/var/folders/06/t_ytth4972jbgchqwhyvgvxm0000gp/T/cargo-mutants-realloop-harness-zmtYwV.tmp/target/debug/build/tree-sitter-md-a18ec7f487392bdb/out`
     Running `/Users/scott/.rustup/toolchains/stable-aarch64-apple-darwin/bin/rustc --crate-name cursor_test --edition=2024 tests/cursor_test.rs --error-format=json --json=diagnostic-rendered-ansi,artifacts,future-incompat --emit=dep-info,link -C embed-bitcode=no -C debuginfo=2 -C split-debuginfo=unpacked --test --cfg 'feature="default"' --cfg 'feature="test-support"' --cfg 'feature="unstable_session_usage"' --check-cfg 'cfg(docsrs,test)' --check-cfg 'cfg(feature, values("default", "test-support", "unstable_session_usage"))' -C metadata=c347a28f490ef460 -C extra-filename=-493dc16588db5a28 --out-dir /private/var/folders/06/t_ytth4972jbgchqwhyvgvxm0000gp/T/cargo-mutants-realloop-harness-zmtYwV.tmp/target/debug/deps -C incremental=/private/var/folders/06/t_ytth4972jbgchqwhyvgvxm0000gp/T/cargo-mutants-realloop-harness-zmtYwV.tmp/target/debug/incremental -L dependency=/private/var/folders/06/t_ytth4972jbgchqwhyvgvxm0000gp/T/cargo-mutants-realloop-harness-zmtYwV.tmp/target/debug/deps --extern agent_client_protocol=/private/var/folders/06/t_ytth4972jbgchqwhyvgvxm0000gp/T/cargo-mutants-realloop-harness-zmtYwV.tmp/target/debug/deps/libagent_client_protocol-99b0ef2f175be39d.rlib --extern clap=/private/var/folders/06/t_ytth4972jbgchqwhyvgvxm0000gp/T/cargo-mutants-realloop-harness-zmtYwV.tmp/target/debug/deps/libclap-53f1eaf404a4513b.rlib --extern criterion=/private/var/folders/06/t_ytth4972jbgchqwhyvgvxm0000gp/T/cargo-mutants-realloop-harness-zmtYwV.tmp/target/debug/deps/libcriterion-e775a0c41a7b659e.rlib --extern dirs=/private/var/folders/06/t_ytth4972jbgchqwhyvgvxm0000gp/T/cargo-mutants-realloop-harness-zmtYwV.tmp/target/debug/deps/libdirs-be1e6274fe97d56a.rlib --extern futures=/private/var/folders/06/t_ytth4972jbgchqwhyvgvxm0000gp/T/cargo-mutants-realloop-harness-zmtYwV.tmp/target/debug/deps/libfutures-dcc717f698520f9b.rlib --extern gpui=/private/var/folders/06/t_ytth4972jbgchqwhyvgvxm0000gp/T/cargo-mutants-realloop-harness-zmtYwV.tmp/target/debug/deps/libgpui-4d77236dcb81b61c.rlib --extern insta=/private/var/folders/06/t_ytth4972jbgchqwhyvgvxm0000gp/T/cargo-mutants-realloop-harness-zmtYwV.tmp/target/debug/deps/libinsta-1232e192cd05fc80.rlib --extern kdl=/private/var/folders/06/t_ytth4972jbgchqwhyvgvxm0000gp/T/cargo-mutants-realloop-harness-zmtYwV.tmp/target/debug/deps/libkdl-2d49be1969c24845.rlib --extern libc=/private/var/folders/06/t_ytth4972jbgchqwhyvgvxm0000gp/T/cargo-mutants-realloop-harness-zmtYwV.tmp/target/debug/deps/liblibc-7284c512c01327fa.rlib --extern pretty_assertions=/private/var/folders/06/t_ytth4972jbgchqwhyvgvxm0000gp/T/cargo-mutants-realloop-harness-zmtYwV.tmp/target/debug/deps/libpretty_assertions-9ac39736644780f6.rlib --extern pulldown_cmark=/private/var/folders/06/t_ytth4972jbgchqwhyvgvxm0000gp/T/cargo-mutants-realloop-harness-zmtYwV.tmp/target/debug/deps/libpulldown_cmark-37af8e80cc59d81e.rlib --extern ropey=/private/var/folders/06/t_ytth4972jbgchqwhyvgvxm0000gp/T/cargo-mutants-realloop-harness-zmtYwV.tmp/target/debug/deps/libropey-2f5882a9a3a2ec88.rlib --extern serde=/private/var/folders/06/t_ytth4972jbgchqwhyvgvxm0000gp/T/cargo-mutants-realloop-harness-zmtYwV.tmp/target/debug/deps/libserde-09ca34f43c349f85.rlib --extern serde_json=/private/var/folders/06/t_ytth4972jbgchqwhyvgvxm0000gp/T/cargo-mutants-realloop-harness-zmtYwV.tmp/target/debug/deps/libserde_json-fbcfcf843b882ace.rlib --extern shell_words=/private/var/folders/06/t_ytth4972jbgchqwhyvgvxm0000gp/T/cargo-mutants-realloop-harness-zmtYwV.tmp/target/debug/deps/libshell_words-161b00a23a6f8419.rlib --extern syntect=/private/var/folders/06/t_ytth4972jbgchqwhyvgvxm0000gp/T/cargo-mutants-realloop-harness-zmtYwV.tmp/target/debug/deps/libsyntect-aa1e5140663c734f.rlib --extern tempfile=/private/var/folders/06/t_ytth4972jbgchqwhyvgvxm0000gp/T/cargo-mutants-realloop-harness-zmtYwV.tmp/target/debug/deps/libtempfile-c6c909224f242ca5.rlib --extern tokio=/private/var/folders/06/t_ytth4972jbgchqwhyvgvxm0000gp/T/cargo-mutants-realloop-harness-zmtYwV.tmp/target/debug/deps/libtokio-47477d36903280ff.rlib --extern tokio_util=/private/var/folders/06/t_ytth4972jbgchqwhyvgvxm0000gp/T/cargo-mutants-realloop-harness-zmtYwV.tmp/target/debug/deps/libtokio_util-d190749744391757.rlib --extern tracing=/private/var/folders/06/t_ytth4972jbgchqwhyvgvxm0000gp/T/cargo-mutants-realloop-harness-zmtYwV.tmp/target/debug/deps/libtracing-59f2da8dde2035f8.rlib --extern tracing_subscriber=/private/var/folders/06/t_ytth4972jbgchqwhyvgvxm0000gp/T/cargo-mutants-realloop-harness-zmtYwV.tmp/target/debug/deps/libtracing_subscriber-3013d80590e56595.rlib --extern tree_sitter=/private/var/folders/06/t_ytth4972jbgchqwhyvgvxm0000gp/T/cargo-mutants-realloop-harness-zmtYwV.tmp/target/debug/deps/libtree_sitter-e08d431b118c1095.rlib --extern tree_sitter_md=/private/var/folders/06/t_ytth4972jbgchqwhyvgvxm0000gp/T/cargo-mutants-realloop-harness-zmtYwV.tmp/target/debug/deps/libtree_sitter_md-3243f1d8cb94c4e8.rlib --extern ureq=/private/var/folders/06/t_ytth4972jbgchqwhyvgvxm0000gp/T/cargo-mutants-realloop-harness-zmtYwV.tmp/target/debug/deps/libureq-3dfccae6f0f8797a.rlib --extern uuid=/private/var/folders/06/t_ytth4972jbgchqwhyvgvxm0000gp/T/cargo-mutants-realloop-harness-zmtYwV.tmp/target/debug/deps/libuuid-58fde143714020f0.rlib --extern yalda=/private/var/folders/06/t_ytth4972jbgchqwhyvgvxm0000gp/T/cargo-mutants-realloop-harness-zmtYwV.tmp/target/debug/deps/libyalda-cf322d123f81154b.rlib -L native=/private/var/folders/06/t_ytth4972jbgchqwhyvgvxm0000gp/T/cargo-mutants-realloop-harness-zmtYwV.tmp/target/debug/build/libgit2-sys-b732f72f12c66050/out/build -L native=/private/var/folders/06/t_ytth4972jbgchqwhyvgvxm0000gp/T/cargo-mutants-realloop-harness-zmtYwV.tmp/target/debug/build/ring-9973b2f35933f637/out -L native=/private/var/folders/06/t_ytth4972jbgchqwhyvgvxm0000gp/T/cargo-mutants-realloop-harness-zmtYwV.tmp/target/debug/build/psm-503fddd416b2bba3/out -L native=/private/var/folders/06/t_ytth4972jbgchqwhyvgvxm0000gp/T/cargo-mutants-realloop-harness-zmtYwV.tmp/target/debug/build/tree-sitter-09104b4152ef7c42/out -L native=/private/var/folders/06/t_ytth4972jbgchqwhyvgvxm0000gp/T/cargo-mutants-realloop-harness-zmtYwV.tmp/target/debug/build/tree-sitter-md-a18ec7f487392bdb/out`
warning: unused doc comment
  --> src/bin/yalda-gpui/persist.rs:19:1
   |
19 | / /// Test-only seam: redirect the ACP-session persistence file to a tempdir so a
20 | | /// save→restore round-trip test never touches the user's real
21 | | /// `~/.yalda/acp_sessions.json`. Thread-local, so parallel tests don't collide.
   | |_-------------------------------------------------------------------------------^
   |   |
   |   rustdoc does not generate documentation for macro invocations
   |
   = help: to document an item produced by a macro, the macro must produce the documentation as part of its expansion
   = note: `#[warn(unused_doc_comments)]` (part of `#[warn(unused)]`) on by default

warning: unused doc comment
  --> src/bin/yalda-gpui/persist.rs:78:1
   |
78 | / /// Connect to the session server, the default model: a persistent server owns
79 | | /// the agent subprocesses so sessions survive GUI restarts/crashes, and the
80 | | /// GUI auto-launches a detached one if none is running. Set
81 | | /// `YALDA_SESSION_SERVER=0` to force the legacy in-process direct-spawn path.
...  |
86 | | /// `yalda-session-server` happens to be running on the dev box. Set/cleared via
87 | | /// [`with_no_session_server`] around a view construction.
   | |_---------------------------------------------------------^
   |   |
   |   rustdoc does not generate documentation for macro invocations
   |
   = help: to document an item produced by a macro, the macro must produce the documentation as part of its expansion

warning: unused doc comment
   --> src/bin/yalda-gpui/persist.rs:249:1
    |
249 | / /// Test-only seam mirroring `with_acp_persist_path` / `with_preferences_path`:
250 | | /// redirect the workspace snapshot file to a tempdir. Unset (the default) ⇒
251 | | /// `workspace_persist_path()` is `None` and `save_workspace_state` no-ops.
    | |_--------------------------------------------------------------------------^
    |   |
    |   rustdoc does not generate documentation for macro invocations
    |
    = help: to document an item produced by a macro, the macro must produce the documentation as part of its expansion

warning: unused doc comment
   --> src/bin/yalda-gpui/persist.rs:292:1
    |
292 | / /// Test-only seam: redirect the preferences file to a tempdir so a save→load
293 | | /// round-trip test never touches the user's real `~/.yalda/preferences.json`.
294 | | /// When unset (the default in any test), `preferences_path()` returns `None`
295 | | /// and a `save_preferences` call is a silent no-op. Thread-local, so parallel
296 | | /// tests don't collide.
    | |_-----------------------^
    |   |
    |   rustdoc does not generate documentation for macro invocations
    |
    = help: to document an item produced by a macro, the macro must produce the documentation as part of its expansion

warning: method `compute_window` is never used
    --> src/bin/yalda-gpui/agent.rs:2013:19
     |
1987 | impl Compose {
     | ------------ method in this implementation
...
2013 |     pub(crate) fn compute_window(&self, visible_rows: usize, visible_cols: usize) -> ComposeWindow {
     |                   ^^^^^^^^^^^^^^
     |
     = note: `#[warn(dead_code)]` (part of `#[warn(unused)]`) on by default

warning: methods `len`, `is_empty`, `get_mut`, and `get_by_sid_mut` are never used
   --> src/bin/yalda-gpui/agent_sessions.rs:164:19
    |
 71 | impl<P> SessionStore<P> {
    | ----------------------- methods in this implementation
...
164 |     pub(crate) fn len(&self) -> usize {
    |                   ^^^
...
168 |     pub(crate) fn is_empty(&self) -> bool {
    |                   ^^^^^^^^
...
176 |     pub(crate) fn get_mut(&mut self, id: SessionId) -> Option<&mut P> {
    |                   ^^^^^^^
...
182 |     pub(crate) fn get_by_sid_mut(&mut self, sid: &str) -> Option<&mut P> {
    |                   ^^^^^^^^^^^^^^

warning: method `any_agent_awaiting` is never used
    --> src/bin/yalda-gpui/agent_ui.rs:3281:19
     |
  19 | impl YaldaGpuiView {
     | ------------------ method in this implementation
...
3281 |     pub(crate) fn any_agent_awaiting(&self, cx: &GpuiApp) -> bool {
     |                   ^^^^^^^^^^^^^^^^^^

warning: function `split_segments_at_col` is never used
    --> src/bin/yalda-gpui/render_blocks.rs:1238:15
     |
1238 | pub(crate) fn split_segments_at_col(
     |               ^^^^^^^^^^^^^^^^^^^^^

warning: function `compose_first_visible_col` is never used
   --> src/bin/yalda-gpui/yux/list.rs:103:15
    |
103 | pub(crate) fn compose_first_visible_col(
    |               ^^^^^^^^^^^^^^^^^^^^^^^^^

warning: function `compose_window` is never used
   --> src/bin/yalda-gpui/yux/list.rs:147:15
    |
147 | pub(crate) fn compose_window(
    |               ^^^^^^^^^^^^^^

warning: method `find_map_leaf_content_mut` is never used
   --> src/bin/yalda-gpui/workspace.rs:137:12
    |
 80 | impl<C> Layout<C> {
    | ----------------- method in this implementation
...
137 |     pub fn find_map_leaf_content_mut<R, F: FnMut(&mut C) -> Option<R>>(
    |            ^^^^^^^^^^^^^^^^^^^^^^^^^

warning: method `rect_of` is never used
   --> src/bin/yalda-gpui/workspace.rs:641:12
    |
617 | impl DesktopState {
    | ----------------- method in this implementation
...
641 |     pub fn rect_of(&self, id: WindowId) -> Option<(Slot, Span)> {
    |            ^^^^^^^

warning: function `effective_width` is never used
   --> src/bin/yalda-gpui/workspace.rs:988:8
    |
988 | pub fn effective_width(viewport_w: f32, tile_w: f32, gutter: f32) -> u32 {
    |        ^^^^^^^^^^^^^^^

warning: unused variable: `cx`
   --> src/bin/yalda-gpui/verify_harness.rs:257:61
    |
257 |     let (edit_recomputed, edit_skip) = view.update(vcx, |v, cx| v.test_edit_cache_stats());
    |                                                             ^^ help: if this is intentional, prefix it with an underscore: `_cx`
    |
    = note: `#[warn(unused_variables)]` (part of `#[warn(unused)]`) on by default

warning: unused variable: `cx`
   --> src/bin/yalda-gpui/verify_harness.rs:236:61
    |
236 |     let (idle_recomputed, idle_skip) = view.update(vcx, |v, cx| v.test_edit_cache_stats());
    |                                                             ^^ help: if this is intentional, prefix it with an underscore: `_cx`

warning: unused variable: `cx`
   --> src/bin/yalda-gpui/verify_harness.rs:225:61
    |
225 |     let (cold_recomputed, cold_skip) = view.update(vcx, |v, cx| v.test_edit_cache_stats());
    |                                                             ^^ help: if this is intentional, prefix it with an underscore: `_cx`

warning: unused variable: `cx`
   --> src/bin/yalda-gpui/verify_harness.rs:556:36
    |
556 |     let hit = view.update(vcx, |v, cx| v.doc_pos_at(p));
    |                                    ^^ help: if this is intentional, prefix it with an underscore: `_cx`

warning: unused variable: `cx`
   --> src/bin/yalda-gpui/verify_harness.rs:551:34
    |
551 |     let p = view.update(vcx, |v, cx| {
    |                                  ^^ help: if this is intentional, prefix it with an underscore: `_cx`

warning: unused variable: `cx`
   --> src/bin/yalda-gpui/verify_harness.rs:547:37
    |
547 |     let miss = view.update(vcx, |v, cx| v.doc_pos_at(point(px(40.0), px(1_000_000.0))));
    |                                     ^^ help: if this is intentional, prefix it with an underscore: `_cx`

warning: unused variable: `cx`
   --> src/bin/yalda-gpui/verify_harness.rs:533:43
    |
533 |     let registered = view.update(vcx, |v, cx| v.line_layouts.borrow().len());
    |                                           ^^ help: if this is intentional, prefix it with an underscore: `_cx`

warning: unused variable: `cx`
   --> src/bin/yalda-gpui/verify_harness.rs:633:30
    |
633 |         view.update(vcx, |v, cx| v.doc_selection.is_some()),
    |                              ^^ help: if this is intentional, prefix it with an underscore: `_cx`

warning: unused variable: `cx`
   --> src/bin/yalda-gpui/verify_harness.rs:604:69
    |
604 |     let (start, end, start_block, end_block) = view.update(vcx, |v, cx| {
    |                                                                     ^^ help: if this is intentional, prefix it with an underscore: `_cx`

warning: unused variable: `cx`
    --> src/bin/yalda-gpui/verify_harness.rs:1271:26
     |
1271 |     view.update(vcx, |v, cx| {
     |                          ^^ help: if this is intentional, prefix it with an underscore: `_cx`

warning: unused variable: `cx`
    --> src/bin/yalda-gpui/verify_harness.rs:1325:30
     |
1325 |         view.update(vcx, |v, cx| {
     |                              ^^ help: if this is intentional, prefix it with an underscore: `_cx`

warning: unused variable: `cx`
    --> src/bin/yalda-gpui/verify_harness.rs:1640:26
     |
1640 |     view.update(vcx, |v, cx| {
     |                          ^^ help: if this is intentional, prefix it with an underscore: `_cx`

warning: variable does not need to be mutable
    --> src/bin/yalda-gpui/verify_harness.rs:1796:13
     |
1796 |         let mut c = v.agent_mut(cx).unwrap();
     |             ----^
     |             |
     |             help: remove this `mut`
     |
     = note: `#[warn(unused_mut)]` (part of `#[warn(unused)]`) on by default

warning: variable does not need to be mutable
    --> src/bin/yalda-gpui/verify_harness.rs:1899:13
     |
1899 |         let mut c = v.agent_mut(cx).unwrap();
     |             ----^
     |             |
     |             help: remove this `mut`

warning: variable does not need to be mutable
    --> src/bin/yalda-gpui/verify_harness.rs:1946:13
     |
1946 |         let mut c = v.agent_mut(cx).unwrap();
     |             ----^
     |             |
     |             help: remove this `mut`

warning: variable does not need to be mutable
    --> src/bin/yalda-gpui/verify_harness.rs:2134:13
     |
2134 |         let mut c = v.agent_mut(cx).unwrap();
     |             ----^
     |             |
     |             help: remove this `mut`

warning: variable does not need to be mutable
    --> src/bin/yalda-gpui/verify_harness.rs:2345:13
     |
2345 |         let mut c = v.agent_mut(cx).unwrap();
     |             ----^
     |             |
     |             help: remove this `mut`

warning: variable does not need to be mutable
    --> src/bin/yalda-gpui/verify_harness.rs:2371:13
     |
2371 |         let mut c = v.agent_mut(cx).unwrap();
     |             ----^
     |             |
     |             help: remove this `mut`

warning: variable does not need to be mutable
    --> src/bin/yalda-gpui/verify_harness.rs:2487:13
     |
2487 |         let mut c = v.agent_mut(cx).unwrap();
     |             ----^
     |             |
     |             help: remove this `mut`

warning: variable does not need to be mutable
    --> src/bin/yalda-gpui/verify_harness.rs:2545:13
     |
2545 |         let mut c = v.agent_mut(cx).unwrap();
     |             ----^
     |             |
     |             help: remove this `mut`

warning: variable does not need to be mutable
    --> src/bin/yalda-gpui/verify_harness.rs:2639:13
     |
2639 |         let mut c = v.agent_mut(cx).unwrap();
     |             ----^
     |             |
     |             help: remove this `mut`

warning: variable does not need to be mutable
    --> src/bin/yalda-gpui/verify_harness.rs:2692:13
     |
2692 |         let mut c = v.agent_mut(cx).unwrap();
     |             ----^
     |             |
     |             help: remove this `mut`

warning: variable does not need to be mutable
    --> src/bin/yalda-gpui/verify_harness.rs:2782:13
     |
2782 |         let mut c = v.agent_mut(cx).unwrap();
     |             ----^
     |             |
     |             help: remove this `mut`

warning: variable does not need to be mutable
    --> src/bin/yalda-gpui/verify_harness.rs:2825:13
     |
2825 |         let mut c = v.agent_mut(cx).unwrap();
     |             ----^
     |             |
     |             help: remove this `mut`

warning: unused variable: `cx`
    --> src/bin/yalda-gpui/verify_harness.rs:2858:26
     |
2858 |     view.update(vcx, |v, cx| {
     |                          ^^ help: if this is intentional, prefix it with an underscore: `_cx`

warning: unused variable: `cx`
    --> src/bin/yalda-gpui/verify_harness.rs:2909:29
     |
2909 |     view.read_with(vcx, |v, cx| {
     |                             ^^ help: if this is intentional, prefix it with an underscore: `_cx`

warning: unused variable: `cx`
    --> src/bin/yalda-gpui/verify_harness.rs:2895:29
     |
2895 |     view.read_with(vcx, |v, cx| {
     |                             ^^ help: if this is intentional, prefix it with an underscore: `_cx`

warning: unused variable: `cx`
    --> src/bin/yalda-gpui/verify_harness.rs:2944:26
     |
2944 |     view.update(vcx, |v, cx| {
     |                          ^^ help: if this is intentional, prefix it with an underscore: `_cx`

warning: unused variable: `cx`
    --> src/bin/yalda-gpui/verify_harness.rs:2929:26
     |
2929 |     view.update(vcx, |v, cx| {
     |                          ^^ help: if this is intentional, prefix it with an underscore: `_cx`

warning: unused variable: `cx`
    --> src/bin/yalda-gpui/verify_harness.rs:3121:29
     |
3121 |     view.read_with(vcx, |v, cx| {
     |                             ^^ help: if this is intentional, prefix it with an underscore: `_cx`

warning: unused variable: `cx`
    --> src/bin/yalda-gpui/verify_harness.rs:3096:29
     |
3096 |     view.read_with(vcx, |v, cx| {
     |                             ^^ help: if this is intentional, prefix it with an underscore: `_cx`

warning: unused variable: `cx`
    --> src/bin/yalda-gpui/verify_harness.rs:3202:33
     |
3202 |         view.read_with(vcx, |v, cx| {
     |                                 ^^ help: if this is intentional, prefix it with an underscore: `_cx`

warning: unused variable: `cx`
    --> src/bin/yalda-gpui/verify_harness.rs:3241:29
     |
3241 |     view.read_with(vcx, |v, cx| {
     |                             ^^ help: if this is intentional, prefix it with an underscore: `_cx`

warning: unused variable: `cx`
    --> src/bin/yalda-gpui/verify_harness.rs:3394:29
     |
3394 |     view.read_with(vcx, |v, cx| {
     |                             ^^ help: if this is intentional, prefix it with an underscore: `_cx`

warning: unused variable: `frozen_len`
   --> src/bin/yalda-gpui/tests.rs:511:25
    |
511 |     let (lines, frozen, frozen_len) = synthetic_transcript(3, 4);
    |                         ^^^^^^^^^^ help: if this is intentional, prefix it with an underscore: `_frozen_len`

warning: unused variable: `frozen_len`
   --> src/bin/yalda-gpui/tests.rs:775:9
    |
775 |     let frozen_len: usize = frozen.iter().map(|(s, e)| e - s).sum();
    |         ^^^^^^^^^^ help: if this is intentional, prefix it with an underscore: `_frozen_len`

warning: unused variable: `frozen_len`
   --> src/bin/yalda-gpui/tests.rs:820:9
    |
820 |     let frozen_len: usize = frozen.iter().map(|(s, e)| e - s).sum();
    |         ^^^^^^^^^^ help: if this is intentional, prefix it with an underscore: `_frozen_len`

warning: unused variable: `frozen_len`
   --> src/bin/yalda-gpui/tests.rs:853:9
    |
853 |     let frozen_len: usize = frozen.iter().map(|(s, e)| e - s).sum();
    |         ^^^^^^^^^^ help: if this is intentional, prefix it with an underscore: `_frozen_len`

warning: unused variable: `frozen_len`
    --> src/bin/yalda-gpui/tests.rs:1479:25
     |
1479 |     let (lines, frozen, frozen_len) = synthetic_transcript(1, 4);
     |                         ^^^^^^^^^^ help: if this is intentional, prefix it with an underscore: `_frozen_len`

warning: unused variable: `frozen_len`
    --> src/bin/yalda-gpui/tests.rs:1513:29
     |
1513 |     let (mut lines, frozen, frozen_len) = synthetic_transcript(50, 60);
     |                             ^^^^^^^^^^ help: if this is intentional, prefix it with an underscore: `_frozen_len`

warning: unused variable: `frozen_len`
    --> src/bin/yalda-gpui/tests.rs:1552:25
     |
1552 |     let (lines, frozen, frozen_len) = synthetic_transcript(4, 6);
     |                         ^^^^^^^^^^ help: if this is intentional, prefix it with an underscore: `_frozen_len`

warning: method `get_mut` is never used
   --> src/bin/yalda-gpui/agent_sessions.rs:176:19
    |
 71 | impl<P> SessionStore<P> {
    | ----------------------- method in this implementation
...
176 |     pub(crate) fn get_mut(&mut self, id: SessionId) -> Option<&mut P> {
    |                   ^^^^^^^
    |
    = note: `#[warn(dead_code)]` (part of `#[warn(unused)]`) on by default

warning: variant `Bounds` is never constructed
   --> src/bin/yalda-gpui/yux/cached.rs:147:5
    |
141 | pub(crate) enum MissReason {
    |                 ---------- variant in this enum
...
147 |     Bounds,
    |     ^^^^^^
    |
    = note: `MissReason` has derived impls for the traits `Debug` and `Clone`, but these are intentionally ignored during dead code analysis

warning: function `perf_last_notify` is never used
   --> src/bin/yalda-gpui/yux/cached.rs:251:15
    |
251 | pub(crate) fn perf_last_notify(label: &'static str) -> Option<MissReason> {
    |               ^^^^^^^^^^^^^^^^

warning: function `last_notify` is never used
   --> src/bin/yalda-gpui/yux/cached.rs:203:19
    |
203 |     pub(super) fn last_notify(label: &'static str) -> Option<MissReason> {
    |                   ^^^^^^^^^^^

warning: `yalda` (bin "yalda-gpui") generated 9 warnings
warning: `yalda` (bin "yalda-gpui" test) generated 52 warnings (3 duplicates) (run `cargo fix --bin "yalda-gpui" -p yalda --tests` to apply 41 suggestions)
    Finished `test` profile [unoptimized + debuginfo] target(s) in 4.48s
  Executable `/private/var/folders/06/t_ytth4972jbgchqwhyvgvxm0000gp/T/cargo-mutants-realloop-harness-zmtYwV.tmp/target/debug/deps/yalda-0e08e3ffc0c0dea0`
  Executable `/private/var/folders/06/t_ytth4972jbgchqwhyvgvxm0000gp/T/cargo-mutants-realloop-harness-zmtYwV.tmp/target/debug/deps/yalda_acp_stub-fe9bfcc093cbe2da`
  Executable `/private/var/folders/06/t_ytth4972jbgchqwhyvgvxm0000gp/T/cargo-mutants-realloop-harness-zmtYwV.tmp/target/debug/deps/yalda_channel-d4163082165eb14d`
  Executable `/private/var/folders/06/t_ytth4972jbgchqwhyvgvxm0000gp/T/cargo-mutants-realloop-harness-zmtYwV.tmp/target/debug/deps/yalda_gpui-5102e82db9c8a0ce`
  Executable `/private/var/folders/06/t_ytth4972jbgchqwhyvgvxm0000gp/T/cargo-mutants-realloop-harness-zmtYwV.tmp/target/debug/deps/yalda_session_server-bfd7478d460dcccd`
  Executable `/private/var/folders/06/t_ytth4972jbgchqwhyvgvxm0000gp/T/cargo-mutants-realloop-harness-zmtYwV.tmp/target/debug/deps/agent_event_stream_test-6411947821f4b5e8`
  Executable `/private/var/folders/06/t_ytth4972jbgchqwhyvgvxm0000gp/T/cargo-mutants-realloop-harness-zmtYwV.tmp/target/debug/deps/agent_transport_fake_test-e9f6b1a189abd2b9`
  Executable `/private/var/folders/06/t_ytth4972jbgchqwhyvgvxm0000gp/T/cargo-mutants-realloop-harness-zmtYwV.tmp/target/debug/deps/config_test-f01448e9dc7bab18`
  Executable `/private/var/folders/06/t_ytth4972jbgchqwhyvgvxm0000gp/T/cargo-mutants-realloop-harness-zmtYwV.tmp/target/debug/deps/cursor_test-493dc16588db5a28`
  Executable `/private/var/folders/06/t_ytth4972jbgchqwhyvgvxm0000gp/T/cargo-mutants-realloop-harness-zmtYwV.tmp/target/debug/deps/document_test-1093c5d4b41b46e2`
  Executable `/private/var/folders/06/t_ytth4972jbgchqwhyvgvxm0000gp/T/cargo-mutants-realloop-harness-zmtYwV.tmp/target/debug/deps/editor_test-05d032454ebaa656`
  Executable `/private/var/folders/06/t_ytth4972jbgchqwhyvgvxm0000gp/T/cargo-mutants-realloop-harness-zmtYwV.tmp/target/debug/deps/file_browser_test-5d3fd3f20287fdbb`
  Executable `/private/var/folders/06/t_ytth4972jbgchqwhyvgvxm0000gp/T/cargo-mutants-realloop-harness-zmtYwV.tmp/target/debug/deps/keybind_test-ef3e809c116c4286`
  Executable `/private/var/folders/06/t_ytth4972jbgchqwhyvgvxm0000gp/T/cargo-mutants-realloop-harness-zmtYwV.tmp/target/debug/deps/keys_test-40432b1941eaa6b5`
  Executable `/private/var/folders/06/t_ytth4972jbgchqwhyvgvxm0000gp/T/cargo-mutants-realloop-harness-zmtYwV.tmp/target/debug/deps/menu_test-47918f27fb549aa2`
  Executable `/private/var/folders/06/t_ytth4972jbgchqwhyvgvxm0000gp/T/cargo-mutants-realloop-harness-zmtYwV.tmp/target/debug/deps/parse_test-e92afb6dd170f687`
  Executable `/private/var/folders/06/t_ytth4972jbgchqwhyvgvxm0000gp/T/cargo-mutants-realloop-harness-zmtYwV.tmp/target/debug/deps/render_test-afe7e60601c7ce92`
  Executable `/private/var/folders/06/t_ytth4972jbgchqwhyvgvxm0000gp/T/cargo-mutants-realloop-harness-zmtYwV.tmp/target/debug/deps/session_resilience_test-798f3a9578bc549c`
  Executable `/private/var/folders/06/t_ytth4972jbgchqwhyvgvxm0000gp/T/cargo-mutants-realloop-harness-zmtYwV.tmp/target/debug/deps/session_transcript_test-3f886eea414fbce7`
  Executable `/private/var/folders/06/t_ytth4972jbgchqwhyvgvxm0000gp/T/cargo-mutants-realloop-harness-zmtYwV.tmp/target/debug/deps/snapshot_test-4c992aa2e5027ee2`
  Executable `/private/var/folders/06/t_ytth4972jbgchqwhyvgvxm0000gp/T/cargo-mutants-realloop-harness-zmtYwV.tmp/target/debug/deps/steering_midturn_live-319e57dc5106d01e`
  Executable `/private/var/folders/06/t_ytth4972jbgchqwhyvgvxm0000gp/T/cargo-mutants-realloop-harness-zmtYwV.tmp/target/debug/deps/tree_test-f8297ccc993c7bb3`
  Executable `/private/var/folders/06/t_ytth4972jbgchqwhyvgvxm0000gp/T/cargo-mutants-realloop-harness-zmtYwV.tmp/target/debug/deps/yalda_channel_test-6cab6df947a3f03e`

*** result: Success

*** /Users/scott/.rustup/toolchains/stable-aarch64-apple-darwin/bin/cargo test --verbose --package=yalda@0.1.0 --features=test-support --bin yalda-gpui --features test-support
       Fresh unicode-ident v1.0.24
       Fresh cfg-if v1.0.4
       Fresh autocfg v1.5.0
       Fresh bitflags v2.11.1
       Fresh pin-project-lite v0.2.17
       Fresh shlex v1.3.0
       Fresh equivalent v1.0.2
       Fresh hashbrown v0.17.0
       Fresh proc-macro2 v1.0.106
       Fresh futures-core v0.3.32
       Fresh find-msvc-tools v0.1.9
       Fresh futures-io v0.3.32
       Fresh smallvec v1.15.1
       Fresh itoa v1.0.18
       Fresh memchr v2.8.0
       Fresh core-foundation-sys v0.8.7
       Fresh quote v1.0.45
       Fresh libc v0.2.186
       Fresh libm v0.2.16
       Fresh typeid v1.0.3
       Fresh stable_deref_trait v1.2.1
       Fresh fastrand v2.4.1
       Fresh slab v0.4.12
       Fresh parking v2.2.1
       Fresh syn v2.0.117
       Fresh serde_fmt v1.1.0
       Fresh erased-serde v0.4.10
       Fresh jobserver v0.1.34
       Fresh crossbeam-utils v0.8.21
       Fresh version_check v0.9.5
       Fresh simd-adler32 v0.3.9
       Fresh cfg_aliases v0.2.1
       Fresh adler2 v2.0.1
       Fresh value-bag-serde1 v1.12.0
       Fresh cc v1.2.61
       Fresh serde_derive v1.0.228
       Fresh synstructure v0.13.2
       Fresh zmij v1.0.21
       Fresh zerocopy-derive v0.8.48
       Fresh serde_core v1.0.228
       Fresh signal-hook-registry v1.4.8
       Fresh concurrent-queue v2.5.0
       Fresh thiserror-impl v2.0.18
       Fresh heck v0.5.0
       Fresh miniz_oxide v0.8.9
       Fresh futures-sink v0.3.32
       Fresh zerovec-derive v0.11.3
       Fresh futures-lite v2.6.1
       Fresh value-bag v1.12.0
       Fresh zerocopy v0.8.48
       Fresh zerofrom-derive v0.1.7
       Fresh yoke-derive v0.8.2
       Fresh bytes v1.11.1
       Fresh scopeguard v1.2.0
       Fresh indexmap v2.14.0
       Fresh displaydoc v0.2.5
       Fresh core-foundation v0.10.0
       Fresh atomic-waker v1.1.2
       Fresh futures-channel v0.3.32
       Fresh zerofrom v0.1.7
       Fresh parking_lot_core v0.9.12
       Fresh lock_api v0.4.14
       Fresh crc32fast v1.5.0
       Fresh log v0.4.29
       Fresh event-listener v5.4.1
       Fresh tokio-macros v2.7.0
       Fresh futures-macro v0.3.32
       Fresh mio v1.2.0
       Fresh socket2 v0.6.3
       Fresh yoke v0.8.2
       Fresh parking_lot v0.12.5
       Fresh flate2 v1.1.9
       Fresh aho-corasick v1.1.4
       Fresh rustc-hash v2.1.2
       Fresh regex-syntax v0.8.10
       Fresh futures-task v0.3.32
       Fresh event-listener-strategy v0.5.4
       Fresh bytemuck_derive v1.10.2
       Fresh zerovec v0.11.6
       Fresh regex-automata v0.4.14
       Fresh futures-util v0.3.32
       Fresh tokio v1.52.2
       Fresh tracing-core v0.1.36
       Fresh writeable v0.6.3
       Fresh typenum v1.20.0
       Fresh litemap v0.8.2
       Fresh zeroize v1.8.2
       Fresh bytemuck v1.25.0
       Fresh zerotrie v0.2.4
       Fresh tracing-attributes v0.1.31
       Fresh tinystr v0.8.3
       Fresh serde v1.0.228
       Fresh potential_utf v0.1.5
       Fresh rustls-pki-types v1.14.1
       Fresh anyhow v1.0.102
       Fresh generic-array v0.14.7
       Fresh crossbeam-epoch v0.9.18
       Fresh strsim v0.11.1
       Fresh utf8_iter v1.0.4
       Fresh tracing v0.1.44
       Fresh polling v3.11.0
       Fresh icu_locale_core v2.2.0
       Fresh serde_json v1.0.149
       Fresh crossbeam-deque v0.8.6
       Fresh icu_collections v2.2.0
       Fresh num-integer v0.1.46
       Fresh same-file v1.0.6
       Fresh async-task v4.7.1
       Fresh glob v0.3.3
       Fresh block-buffer v0.10.4
       Fresh crypto-common v0.1.7
       Fresh icu_provider v2.2.0
       Fresh rayon-core v1.13.0
       Fresh icu_properties_data v2.2.0
       Fresh icu_normalizer_data v2.2.0
       Fresh walkdir v2.5.0
       Fresh async-io v2.6.0
       Fresh async-channel v2.5.0
       Fresh piper v0.2.5
       Fresh objc2-encode v4.1.0
       Fresh pkg-config v0.3.33
       Fresh base64 v0.22.1
       Fresh blocking v1.6.2
       Fresh objc2 v0.6.4
       Fresh rustversion v1.0.22
       Fresh icu_normalizer v2.2.0
       Fresh icu_properties v2.2.0
       Fresh num-bigint v0.4.6
       Fresh digest v0.10.7
       Fresh tokio-util v0.7.18
       Fresh async-lock v3.4.2
       Fresh http v1.4.0
       Fresh ref-cast-impl v1.0.25
       Fresh equator-macro v0.4.2
       Fresh pin-project-internal v1.1.12
       Fresh serde_derive_internals v0.29.1
       Fresh foreign-types-macros v0.2.3
       Fresh getrandom v0.2.17
       Fresh iana-time-zone v0.1.65
       Fresh minimal-lexical v0.2.1
       Fresh ident_case v1.0.1
       Fresh foreign-types-shared v0.3.1
       Fresh vcpkg v0.2.15
       Fresh unicode-width v0.2.0
       Fresh termcolor v1.4.1
       Fresh untrusted v0.9.0
       Fresh percent-encoding v2.3.2
       Fresh ref-cast v1.0.25
       Fresh num-rational v0.4.2
       Fresh equator v0.4.2
       Fresh ring v0.17.14
       Fresh form_urlencoded v1.2.2
       Fresh foreign-types v0.5.0
       Fresh darling_core v0.23.0
       Fresh nom v7.1.3
       Fresh chrono v0.4.44
       Fresh strum_macros v0.26.4
       Fresh schemars_derive v1.2.1
       Fresh idna_adapter v1.2.2
       Fresh pin-project v1.1.12
       Fresh rayon v1.12.0
       Fresh thiserror-impl v1.0.69
       Fresh core-foundation v0.9.4
       Fresh libloading v0.8.9
       Fresh either v1.15.0
       Fresh foldhash v0.1.5
       Fresh unicase v2.9.0
       Fresh bitflags v1.3.2
       Fresh fnv v1.0.7
       Fresh dyn-clone v1.0.20
       Fresh cexpr v0.6.0
       Fresh rustls-webpki v0.103.13
       Fresh strum v0.26.3
       Fresh thiserror v1.0.69
       Fresh hashbrown v0.15.5
       Fresh schemars v1.2.1
       Fresh itertools v0.13.0
       Fresh clang-sys v1.8.1
       Fresh paste v1.0.15
       Fresh idna v1.1.0
       Fresh darling_macro v0.23.0
       Fresh aligned-vec v0.6.4
       Fresh http-body v1.0.1
       Fresh prettyplease v0.2.37
       Fresh objc2-core-foundation v0.3.2
       Fresh async-signal v0.2.14
       Fresh async-executor v1.14.0
       Fresh futures-executor v0.3.32
       Fresh euclid v0.22.14
       Fresh malloc_buf v0.0.6
       Fresh rustc-hash v1.1.0
       Fresh hexf-parse v0.2.1
       Fresh block v0.1.6
       Fresh semver v1.0.28
       Fresh subtle v2.6.1
       Fresh try-lock v0.2.5
       Fresh bindgen v0.71.1
       Fresh rustc_version v0.4.1
       Fresh rustls v0.23.40
       Fresh objc v0.2.7
       Fresh futures v0.3.32
       Fresh url v2.5.8
       Fresh objc2-foundation v0.3.2
       Fresh darling v0.23.0
       Fresh getrandom v0.3.4
       Fresh want v0.3.1
       Fresh v_frame v0.3.9
       Fresh httparse v1.10.1
       Fresh async-process v2.5.0
       Fresh h2 v0.4.14
       Fresh ar_archive_writer v0.5.1
       Fresh block2 v0.6.2
       Fresh serde_spanned v0.6.9
       Fresh toml_datetime v0.6.11
       Fresh core-graphics-types v0.2.0
       Fresh itertools v0.14.0
       Fresh fdeflate v0.3.7
       Fresh profiling-procmacros v1.0.18
       Fresh errno v0.3.14
       Fresh core_maths v0.1.1
       Fresh security-framework-sys v2.17.0
       Fresh as-slice v0.2.1
       Fresh cpufeatures v0.2.17
       Fresh bstr v1.12.1
       Fresh ryu v1.0.23
       Fresh toml_write v0.1.2
       Fresh built v0.8.0
       Fresh float-cmp v0.9.0
       Fresh deflate64 v0.1.12
       Fresh compression-core v0.4.32
       Fresh option-ext v0.2.0
       Fresh once_cell v1.21.4
       Fresh tower-service v0.3.3
       Fresh winnow v0.7.15
       Fresh globset v0.4.18
       Fresh security-framework v3.7.0
       Fresh sha2 v0.10.9
       Fresh aligned v0.4.3
       Fresh compression-codecs v0.4.38
       Fresh strict-num v0.1.1
       Fresh profiling v1.0.18
       Fresh ttf-parser v0.25.1
       Fresh rustix v1.1.4
       Fresh toml_edit v0.22.27
       Fresh hyper v1.9.0
       Fresh objc2-metal v0.3.2
       Fresh num-traits v0.2.19
       Fresh rand_core v0.9.5
       Fresh slotmap v1.1.1
       Fresh lyon_geom v1.0.19
       Fresh libz-sys v1.1.29
       Fresh regex v1.12.3
       Fresh getrandom v0.4.2
       Fresh ppv-lite86 v0.2.21
       Fresh arg_enum_proc_macro v0.3.4
       Fresh nom v8.0.0
       Fresh no_std_io2 v0.9.4
       Fresh y4m v0.8.0
       Fresh leak v0.1.2
       Fresh bit-vec v0.8.0
       Fresh quick-error v2.0.1
       Fresh event-listener v2.5.3
       Fresh utf8parse v0.2.2
       Fresh unicode-segmentation v1.13.2
       Fresh tinyvec_macros v0.1.1
       Fresh pastey v0.1.1
       Fresh arrayref v0.3.9
       Fresh bit-set v0.8.0
       Fresh rand_chacha v0.9.0
       Fresh bitstream-io v4.10.0
       Fresh leaky-cow v0.1.1
       Fresh av1-grain v0.2.5
       Fresh async-channel v1.9.0
       Fresh convert_case v0.10.0
       Fresh tinyvec v1.11.0
       Fresh anstyle-parse v1.0.0
       Fresh av-scenechange v0.14.1
       Fresh tiny-skia-path v0.11.4
       Fresh libgit2-sys v0.18.5+1.9.4
       Fresh lyon_path v1.0.19
       Fresh gpui_perf v0.2.2
       Fresh half v2.7.1
       Fresh toml v0.8.23
       Fresh rust-embed-impl v8.11.0
       Fresh objc2-quartz-core v0.3.2
       Fresh thiserror v2.0.18
       Fresh hyper-util v0.1.20
       Fresh nix v0.31.2
       Fresh rustls-native-certs v0.8.3
       Fresh async-compression v0.4.42
       Fresh rust-embed-utils v8.11.0
       Fresh system-configuration-sys v0.6.0
       Fresh rustix v0.38.44
       Fresh syn v1.0.109
       Fresh core-graphics v0.24.0
       Fresh tokio-rustls v0.26.4
       Fresh tempfile v3.27.0
       Fresh async-global-executor v2.4.1
       Fresh core-graphics-types v0.1.3
       Fresh maybe-rayon v0.1.1
       Fresh codespan-reporting v0.12.0
       Fresh async-net v2.0.0
       Fresh async-fs v2.2.0
       Fresh rgb v0.8.53
       Fresh kv-log-macro v1.0.7
       Fresh kurbo v0.11.3
       Fresh num-derive v0.4.2
       Fresh simd_helpers v0.1.0
       Fresh memmap2 v0.9.10
       Fresh dirs-sys v0.3.7
       Fresh cgl v0.3.2
       Fresh proc-macro-error-attr2 v2.0.0
       Fresh sync_wrapper v1.0.2
       Fresh dtor-proc-macro v0.0.5
       Fresh mime v0.3.17
       Fresh unicode-bidi-mirroring v0.4.0
       Fresh imgref v1.12.1
       Fresh siphasher v1.0.3
       Fresh pin-utils v0.1.0
       Fresh unicode-properties v0.1.4
       Fresh waker-fn v1.2.0
       Fresh weezl v0.1.12
       Fresh unicode-ccc v0.4.0
       Fresh unicode-script v0.5.8
       Fresh colorchoice v1.0.5
       Fresh new_debug_unreachable v1.0.6
       Fresh heck v0.4.1
       Fresh is_terminal_polyfill v1.70.2
       Fresh tower-layer v0.3.3
       Fresh zune-core v0.5.1
       Fresh anstyle-query v1.1.5
       Fresh unicode-xid v0.2.6
       Fresh powerfmt v0.2.0
       Fresh arrayvec v0.7.6
       Fresh home v0.5.12
       Fresh anstyle v1.0.14
       Fresh fastrand v1.9.0
       Fresh noop_proc_macro v0.3.0
       Fresh lazy_static v1.5.0
       Fresh zune-jpeg v0.5.15
       Fresh deranged v0.5.8
       Fresh cbindgen v0.28.0
       Fresh which v6.0.3
       Fresh tower v0.5.3
       Fresh rustybuzz v0.20.1
       Fresh futures-lite v1.13.0
       Fresh anstream v1.0.0
       Fresh derive_more-impl v2.1.1
       Fresh async-std v1.13.2
       Fresh fontdb v0.23.0
       Fresh dtor v0.0.6
       Fresh loop9 v0.1.5
       Fresh dirs v4.0.0
       Fresh rav1e v0.8.1
       Fresh io-surface v0.16.1
       Fresh mime_guess v2.0.5
       Fresh svgtypes v0.15.3
       Fresh proc-macro-error2 v2.0.1
       Fresh metal v0.29.0
       Fresh naga v25.0.1
       Fresh rust-embed v8.11.0
       Fresh hidden-trait v0.1.2
       Fresh hyper-rustls v0.27.9
       Fresh smol v2.0.2
       Fresh system-configuration v0.6.1
       Fresh command-fds v0.3.3
       Fresh git2 v0.20.4
       Fresh async_zip v0.0.17
       Fresh objc2-app-kit v0.3.2
       Fresh pathfinder_simd v0.5.6
       Fresh gpui_util_macros v0.2.2
       Fresh psm v0.1.31
       Fresh serde_json_lenient v0.2.4
       Fresh nix v0.29.0
       Fresh rand v0.9.4
       Fresh dirs-sys v0.4.1
       Fresh serde_urlencoded v0.7.1
       Fresh png v0.17.16
       Fresh serde_with_macros v3.19.0
       Fresh core-graphics2 v0.4.1
       Fresh http-body-util v0.1.3
       Fresh tokio-socks v0.5.2
       Fresh rustls-pemfile v2.2.0
       Fresh gpui_collections v0.2.2
       Fresh simplecss v0.2.2
       Fresh strum_macros v0.28.0
       Fresh zune-inflate v0.2.54
       Fresh avif-serialize v0.8.8
       Fresh filetime v0.2.27
       Fresh xattr v0.2.3
       Fresh encoding_rs v0.8.35
       Fresh dunce v1.0.5
       Fresh mint v0.5.9
       Fresh convert_case v0.4.0
       Fresh time-core v0.1.8
       Fresh pico-args v0.5.0
       Fresh take-until v0.2.0
       Fresh ctor-proc-macro v0.0.6
       Fresh fax v0.2.7
       Fresh sha1_smol v1.0.1
       Fresh xmlwriter v0.1.0
       Fresh bit_field v0.10.3
       Fresh byteorder-lite v0.1.0
       Fresh unicode-bidi v0.3.18
       Fresh clap_lex v1.1.0
       Fresh data-url v0.3.2
       Fresh raw-window-handle v0.6.2
       Fresh imagesize v0.13.0
       Fresh pxfm v0.1.29
       Fresh num-conv v0.2.1
       Fresh color_quant v1.1.0
       Fresh ipnet v2.12.0
       Fresh unicode-vo v0.1.0
       Fresh lebe v0.5.3
       Fresh roxmltree v0.20.0
       Fresh gimli v0.32.3
       Fresh float_next_after v1.0.0
       Fresh exr v1.74.0
       Fresh image-webp v0.2.4
       Fresh gif v0.14.2
       Fresh moxcms v0.8.1
       Fresh zed-reqwest v0.12.15-zed
       Fresh time v0.3.47
       Fresh usvg v0.45.1
       Fresh blade-graphics v0.7.1
       Fresh clap_builder v4.6.0
       Fresh uuid v1.23.1
       Fresh ravif v0.13.0
       Fresh tiff v0.11.3
       Fresh zed-async-tar v0.5.0-zed
       Fresh strum v0.28.0
       Fresh addr2line v0.25.1
       Fresh lyon_tessellation v1.0.20
       Fresh ctor v0.4.3
       Fresh gpui_util v0.2.2
       Fresh derive_more v0.99.20
       Fresh core-video v0.4.3
       Fresh pathfinder_geometry v0.5.1
       Fresh stacker v0.1.24
       Fresh dirs v5.0.1
       Fresh serde_with v3.19.0
       Fresh tiny-skia v0.11.4
       Fresh object v0.37.3
       Fresh stacksafe-macro v0.1.4
       Fresh derive_more v2.1.1
       Fresh core-text v21.0.0
       Fresh lyon_algorithms v1.0.20
       Fresh cocoa-foundation v0.2.0
       Fresh png v0.18.1
       Fresh tree-sitter-language v0.1.7
       Fresh rmcp-macros v1.6.0
       Fresh num-iter v0.1.45
       Fresh webpki-roots v1.0.7
       Fresh qoi v0.4.1
       Fresh strum_macros v0.27.2
       Fresh clap_derive v4.6.1
       Fresh gpui_derive_refineable v0.2.2
       Fresh num-complex v0.4.6
       Fresh async-trait v0.1.89
       Fresh crossbeam-queue v0.3.12
       Fresh quick-xml v0.39.3
       Fresh rustc-demangle v0.1.27
       Fresh ciborium-io v0.2.2
       Fresh pollster v0.2.5
       Fresh linked-hash-map v0.5.6
       Fresh float-ord v0.3.2
       Fresh byteorder v1.5.0
       Fresh plotters-backend v0.3.7
       Fresh svg_fmt v0.4.5
       Fresh grid v0.18.0
       Fresh pastey v0.2.2
       Fresh unicode-width v0.1.14
       Fresh atomic v0.5.3
       Fresh fixedbitset v0.5.7
       Fresh static_assertions v1.1.0
       Fresh webpki-roots v0.26.11
       Fresh etagere v0.2.15
       Fresh ciborium-ll v0.2.2
       Fresh zed-font-kit v0.14.1-zed
       Fresh miette v7.6.0
       Fresh futures-concurrency v7.7.1
       Fresh plist v1.9.0
       Fresh taffy v0.9.0
       Fresh rmcp v1.6.0
       Fresh plotters-svg v0.3.7
       Fresh backtrace v0.3.76
       Fresh postage v0.5.0
       Fresh yaml-rust v0.4.5
       Fresh clap v4.6.1
       Fresh num v0.4.3
       Fresh agent-client-protocol-schema v0.12.0
       Fresh cocoa v0.26.0
       Fresh strum v0.27.2
       Fresh gpui_refineable v0.2.2
       Fresh image v0.25.10
       Fresh lyon v1.0.19
       Fresh stacksafe v0.1.4
       Fresh gpui_media v0.2.2
       Fresh gpui_http_client v0.2.2
       Fresh resvg v0.45.1
       Fresh blade-util v0.3.0
       Fresh sharded-slab v0.1.7
       Fresh dirs-sys v0.5.0
       Fresh fancy-regex v0.16.2
       Fresh gpui_sum_tree v0.2.2
       Fresh gpui_semantic_version v0.2.2
       Fresh jsonrpcmsg v0.1.2
       Fresh matchers v0.2.0
       Fresh tracing-log v0.2.0
       Fresh itertools v0.10.5
       Fresh bincode v1.3.3
       Fresh gpui-macros v0.2.2
       Fresh blade-macros v0.3.0
       Fresh agent-client-protocol-derive v0.11.0
       Fresh num_cpus v1.17.0
       Fresh thread_local v1.1.9
       Fresh streaming-iterator v0.1.9
       Fresh inventory v0.3.24
       Fresh winnow v0.6.24
       Fresh str_indices v0.4.4
       Fresh seahash v4.1.0
       Fresh nu-ansi-term v0.50.3
       Fresh cast v0.3.0
       Fresh gpui v0.2.2
       Fresh tracing-subscriber v0.3.23
       Fresh agent-client-protocol v0.11.1
       Fresh tree-sitter v0.24.7
       Fresh criterion-plot v0.5.0
       Fresh ropey v1.6.1
       Fresh syntect v5.3.0
       Fresh kdl v6.5.0
       Fresh dirs v6.0.0
       Fresh plotters v0.3.7
       Fresh pulldown-cmark v0.12.2
       Fresh ciborium v0.2.2
       Fresh tree-sitter-md v0.3.2 (https://github.com/MDeiml/tree-sitter-markdown?tag=v0.3.2#1c8dea73)
       Fresh ureq v2.12.1
       Fresh tinytemplate v1.2.1
       Fresh is-terminal v0.4.17
warning: yalda@0.1.0: yalda build 0.1.0 (unknown 2026-07-01T19:28:30Z)
       Fresh console v0.16.3
       Fresh anes v0.1.6
       Fresh diff v0.1.13
       Fresh shell-words v1.1.1
       Fresh yansi v1.0.1
       Fresh oorandom v11.1.5
       Fresh similar v2.7.0
       Fresh insta v1.47.2
       Fresh criterion v0.5.1
       Fresh pretty_assertions v1.4.1
       Fresh yalda v0.1.0 (/private/var/folders/06/t_ytth4972jbgchqwhyvgvxm0000gp/T/cargo-mutants-realloop-harness-zmtYwV.tmp)
warning: unused doc comment
  --> src/bin/yalda-gpui/persist.rs:19:1
   |
19 | / /// Test-only seam: redirect the ACP-session persistence file to a tempdir so a
20 | | /// save→restore round-trip test never touches the user's real
21 | | /// `~/.yalda/acp_sessions.json`. Thread-local, so parallel tests don't collide.
   | |_-------------------------------------------------------------------------------^
   |   |
   |   rustdoc does not generate documentation for macro invocations
   |
   = help: to document an item produced by a macro, the macro must produce the documentation as part of its expansion
   = note: `#[warn(unused_doc_comments)]` (part of `#[warn(unused)]`) on by default

warning: unused doc comment
  --> src/bin/yalda-gpui/persist.rs:78:1
   |
78 | / /// Connect to the session server, the default model: a persistent server owns
79 | | /// the agent subprocesses so sessions survive GUI restarts/crashes, and the
80 | | /// GUI auto-launches a detached one if none is running. Set
81 | | /// `YALDA_SESSION_SERVER=0` to force the legacy in-process direct-spawn path.
...  |
86 | | /// `yalda-session-server` happens to be running on the dev box. Set/cleared via
87 | | /// [`with_no_session_server`] around a view construction.
   | |_---------------------------------------------------------^
   |   |
   |   rustdoc does not generate documentation for macro invocations
   |
   = help: to document an item produced by a macro, the macro must produce the documentation as part of its expansion

warning: unused doc comment
   --> src/bin/yalda-gpui/persist.rs:249:1
    |
249 | / /// Test-only seam mirroring `with_acp_persist_path` / `with_preferences_path`:
250 | | /// redirect the workspace snapshot file to a tempdir. Unset (the default) ⇒
251 | | /// `workspace_persist_path()` is `None` and `save_workspace_state` no-ops.
    | |_--------------------------------------------------------------------------^
    |   |
    |   rustdoc does not generate documentation for macro invocations
    |
    = help: to document an item produced by a macro, the macro must produce the documentation as part of its expansion

warning: unused doc comment
   --> src/bin/yalda-gpui/persist.rs:292:1
    |
292 | / /// Test-only seam: redirect the preferences file to a tempdir so a save→load
293 | | /// round-trip test never touches the user's real `~/.yalda/preferences.json`.
294 | | /// When unset (the default in any test), `preferences_path()` returns `None`
295 | | /// and a `save_preferences` call is a silent no-op. Thread-local, so parallel
296 | | /// tests don't collide.
    | |_-----------------------^
    |   |
    |   rustdoc does not generate documentation for macro invocations
    |
    = help: to document an item produced by a macro, the macro must produce the documentation as part of its expansion

warning: unused variable: `cx`
   --> src/bin/yalda-gpui/verify_harness.rs:257:61
    |
257 |     let (edit_recomputed, edit_skip) = view.update(vcx, |v, cx| v.test_edit_cache_stats());
    |                                                             ^^ help: if this is intentional, prefix it with an underscore: `_cx`
    |
    = note: `#[warn(unused_variables)]` (part of `#[warn(unused)]`) on by default

warning: unused variable: `cx`
   --> src/bin/yalda-gpui/verify_harness.rs:236:61
    |
236 |     let (idle_recomputed, idle_skip) = view.update(vcx, |v, cx| v.test_edit_cache_stats());
    |                                                             ^^ help: if this is intentional, prefix it with an underscore: `_cx`

warning: unused variable: `cx`
   --> src/bin/yalda-gpui/verify_harness.rs:225:61
    |
225 |     let (cold_recomputed, cold_skip) = view.update(vcx, |v, cx| v.test_edit_cache_stats());
    |                                                             ^^ help: if this is intentional, prefix it with an underscore: `_cx`

warning: unused variable: `cx`
   --> src/bin/yalda-gpui/verify_harness.rs:556:36
    |
556 |     let hit = view.update(vcx, |v, cx| v.doc_pos_at(p));
    |                                    ^^ help: if this is intentional, prefix it with an underscore: `_cx`

warning: unused variable: `cx`
   --> src/bin/yalda-gpui/verify_harness.rs:551:34
    |
551 |     let p = view.update(vcx, |v, cx| {
    |                                  ^^ help: if this is intentional, prefix it with an underscore: `_cx`

warning: unused variable: `cx`
   --> src/bin/yalda-gpui/verify_harness.rs:547:37
    |
547 |     let miss = view.update(vcx, |v, cx| v.doc_pos_at(point(px(40.0), px(1_000_000.0))));
    |                                     ^^ help: if this is intentional, prefix it with an underscore: `_cx`

warning: unused variable: `cx`
   --> src/bin/yalda-gpui/verify_harness.rs:533:43
    |
533 |     let registered = view.update(vcx, |v, cx| v.line_layouts.borrow().len());
    |                                           ^^ help: if this is intentional, prefix it with an underscore: `_cx`

warning: unused variable: `cx`
   --> src/bin/yalda-gpui/verify_harness.rs:633:30
    |
633 |         view.update(vcx, |v, cx| v.doc_selection.is_some()),
    |                              ^^ help: if this is intentional, prefix it with an underscore: `_cx`

warning: unused variable: `cx`
   --> src/bin/yalda-gpui/verify_harness.rs:604:69
    |
604 |     let (start, end, start_block, end_block) = view.update(vcx, |v, cx| {
    |                                                                     ^^ help: if this is intentional, prefix it with an underscore: `_cx`

warning: unused variable: `cx`
    --> src/bin/yalda-gpui/verify_harness.rs:1271:26
     |
1271 |     view.update(vcx, |v, cx| {
     |                          ^^ help: if this is intentional, prefix it with an underscore: `_cx`

warning: unused variable: `cx`
    --> src/bin/yalda-gpui/verify_harness.rs:1325:30
     |
1325 |         view.update(vcx, |v, cx| {
     |                              ^^ help: if this is intentional, prefix it with an underscore: `_cx`

warning: unused variable: `cx`
    --> src/bin/yalda-gpui/verify_harness.rs:1640:26
     |
1640 |     view.update(vcx, |v, cx| {
     |                          ^^ help: if this is intentional, prefix it with an underscore: `_cx`

warning: variable does not need to be mutable
    --> src/bin/yalda-gpui/verify_harness.rs:1796:13
     |
1796 |         let mut c = v.agent_mut(cx).unwrap();
     |             ----^
     |             |
     |             help: remove this `mut`
     |
     = note: `#[warn(unused_mut)]` (part of `#[warn(unused)]`) on by default

warning: variable does not need to be mutable
    --> src/bin/yalda-gpui/verify_harness.rs:1899:13
     |
1899 |         let mut c = v.agent_mut(cx).unwrap();
     |             ----^
     |             |
     |             help: remove this `mut`

warning: variable does not need to be mutable
    --> src/bin/yalda-gpui/verify_harness.rs:1946:13
     |
1946 |         let mut c = v.agent_mut(cx).unwrap();
     |             ----^
     |             |
     |             help: remove this `mut`

warning: variable does not need to be mutable
    --> src/bin/yalda-gpui/verify_harness.rs:2134:13
     |
2134 |         let mut c = v.agent_mut(cx).unwrap();
     |             ----^
     |             |
     |             help: remove this `mut`

warning: variable does not need to be mutable
    --> src/bin/yalda-gpui/verify_harness.rs:2345:13
     |
2345 |         let mut c = v.agent_mut(cx).unwrap();
     |             ----^
     |             |
     |             help: remove this `mut`

warning: variable does not need to be mutable
    --> src/bin/yalda-gpui/verify_harness.rs:2371:13
     |
2371 |         let mut c = v.agent_mut(cx).unwrap();
     |             ----^
     |             |
     |             help: remove this `mut`

warning: variable does not need to be mutable
    --> src/bin/yalda-gpui/verify_harness.rs:2487:13
     |
2487 |         let mut c = v.agent_mut(cx).unwrap();
     |             ----^
     |             |
     |             help: remove this `mut`

warning: variable does not need to be mutable
    --> src/bin/yalda-gpui/verify_harness.rs:2545:13
     |
2545 |         let mut c = v.agent_mut(cx).unwrap();
     |             ----^
     |             |
     |             help: remove this `mut`

warning: variable does not need to be mutable
    --> src/bin/yalda-gpui/verify_harness.rs:2639:13
     |
2639 |         let mut c = v.agent_mut(cx).unwrap();
     |             ----^
     |             |
     |             help: remove this `mut`

warning: variable does not need to be mutable
    --> src/bin/yalda-gpui/verify_harness.rs:2692:13
     |
2692 |         let mut c = v.agent_mut(cx).unwrap();
     |             ----^
     |             |
     |             help: remove this `mut`

warning: variable does not need to be mutable
    --> src/bin/yalda-gpui/verify_harness.rs:2782:13
     |
2782 |         let mut c = v.agent_mut(cx).unwrap();
     |             ----^
     |             |
     |             help: remove this `mut`

warning: variable does not need to be mutable
    --> src/bin/yalda-gpui/verify_harness.rs:2825:13
     |
2825 |         let mut c = v.agent_mut(cx).unwrap();
     |             ----^
     |             |
     |             help: remove this `mut`

warning: unused variable: `cx`
    --> src/bin/yalda-gpui/verify_harness.rs:2858:26
     |
2858 |     view.update(vcx, |v, cx| {
     |                          ^^ help: if this is intentional, prefix it with an underscore: `_cx`

warning: unused variable: `cx`
    --> src/bin/yalda-gpui/verify_harness.rs:2909:29
     |
2909 |     view.read_with(vcx, |v, cx| {
     |                             ^^ help: if this is intentional, prefix it with an underscore: `_cx`

warning: unused variable: `cx`
    --> src/bin/yalda-gpui/verify_harness.rs:2895:29
     |
2895 |     view.read_with(vcx, |v, cx| {
     |                             ^^ help: if this is intentional, prefix it with an underscore: `_cx`

warning: unused variable: `cx`
    --> src/bin/yalda-gpui/verify_harness.rs:2944:26
     |
2944 |     view.update(vcx, |v, cx| {
     |                          ^^ help: if this is intentional, prefix it with an underscore: `_cx`

warning: unused variable: `cx`
    --> src/bin/yalda-gpui/verify_harness.rs:2929:26
     |
2929 |     view.update(vcx, |v, cx| {
     |                          ^^ help: if this is intentional, prefix it with an underscore: `_cx`

warning: unused variable: `cx`
    --> src/bin/yalda-gpui/verify_harness.rs:3121:29
     |
3121 |     view.read_with(vcx, |v, cx| {
     |                             ^^ help: if this is intentional, prefix it with an underscore: `_cx`

warning: unused variable: `cx`
    --> src/bin/yalda-gpui/verify_harness.rs:3096:29
     |
3096 |     view.read_with(vcx, |v, cx| {
     |                             ^^ help: if this is intentional, prefix it with an underscore: `_cx`

warning: unused variable: `cx`
    --> src/bin/yalda-gpui/verify_harness.rs:3202:33
     |
3202 |         view.read_with(vcx, |v, cx| {
     |                                 ^^ help: if this is intentional, prefix it with an underscore: `_cx`

warning: unused variable: `cx`
    --> src/bin/yalda-gpui/verify_harness.rs:3241:29
     |
3241 |     view.read_with(vcx, |v, cx| {
     |                             ^^ help: if this is intentional, prefix it with an underscore: `_cx`

warning: unused variable: `cx`
    --> src/bin/yalda-gpui/verify_harness.rs:3394:29
     |
3394 |     view.read_with(vcx, |v, cx| {
     |                             ^^ help: if this is intentional, prefix it with an underscore: `_cx`

warning: unused variable: `frozen_len`
   --> src/bin/yalda-gpui/tests.rs:511:25
    |
511 |     let (lines, frozen, frozen_len) = synthetic_transcript(3, 4);
    |                         ^^^^^^^^^^ help: if this is intentional, prefix it with an underscore: `_frozen_len`

warning: unused variable: `frozen_len`
   --> src/bin/yalda-gpui/tests.rs:775:9
    |
775 |     let frozen_len: usize = frozen.iter().map(|(s, e)| e - s).sum();
    |         ^^^^^^^^^^ help: if this is intentional, prefix it with an underscore: `_frozen_len`

warning: unused variable: `frozen_len`
   --> src/bin/yalda-gpui/tests.rs:820:9
    |
820 |     let frozen_len: usize = frozen.iter().map(|(s, e)| e - s).sum();
    |         ^^^^^^^^^^ help: if this is intentional, prefix it with an underscore: `_frozen_len`

warning: unused variable: `frozen_len`
   --> src/bin/yalda-gpui/tests.rs:853:9
    |
853 |     let frozen_len: usize = frozen.iter().map(|(s, e)| e - s).sum();
    |         ^^^^^^^^^^ help: if this is intentional, prefix it with an underscore: `_frozen_len`

warning: unused variable: `frozen_len`
    --> src/bin/yalda-gpui/tests.rs:1479:25
     |
1479 |     let (lines, frozen, frozen_len) = synthetic_transcript(1, 4);
     |                         ^^^^^^^^^^ help: if this is intentional, prefix it with an underscore: `_frozen_len`

warning: unused variable: `frozen_len`
    --> src/bin/yalda-gpui/tests.rs:1513:29
     |
1513 |     let (mut lines, frozen, frozen_len) = synthetic_transcript(50, 60);
     |                             ^^^^^^^^^^ help: if this is intentional, prefix it with an underscore: `_frozen_len`

warning: unused variable: `frozen_len`
    --> src/bin/yalda-gpui/tests.rs:1552:25
     |
1552 |     let (lines, frozen, frozen_len) = synthetic_transcript(4, 6);
     |                         ^^^^^^^^^^ help: if this is intentional, prefix it with an underscore: `_frozen_len`

warning: method `get_mut` is never used
   --> src/bin/yalda-gpui/agent_sessions.rs:176:19
    |
 71 | impl<P> SessionStore<P> {
    | ----------------------- method in this implementation
...
176 |     pub(crate) fn get_mut(&mut self, id: SessionId) -> Option<&mut P> {
    |                   ^^^^^^^
    |
    = note: `#[warn(dead_code)]` (part of `#[warn(unused)]`) on by default

warning: method `any_agent_awaiting` is never used
    --> src/bin/yalda-gpui/agent_ui.rs:3281:19
     |
  19 | impl YaldaGpuiView {
     | ------------------ method in this implementation
...
3281 |     pub(crate) fn any_agent_awaiting(&self, cx: &GpuiApp) -> bool {
     |                   ^^^^^^^^^^^^^^^^^^

warning: variant `Bounds` is never constructed
   --> src/bin/yalda-gpui/yux/cached.rs:147:5
    |
141 | pub(crate) enum MissReason {
    |                 ---------- variant in this enum
...
147 |     Bounds,
    |     ^^^^^^
    |
    = note: `MissReason` has derived impls for the traits `Debug` and `Clone`, but these are intentionally ignored during dead code analysis

warning: function `perf_last_notify` is never used
   --> src/bin/yalda-gpui/yux/cached.rs:251:15
    |
251 | pub(crate) fn perf_last_notify(label: &'static str) -> Option<MissReason> {
    |               ^^^^^^^^^^^^^^^^

warning: function `last_notify` is never used
   --> src/bin/yalda-gpui/yux/cached.rs:203:19
    |
203 |     pub(super) fn last_notify(label: &'static str) -> Option<MissReason> {
    |                   ^^^^^^^^^^^

warning: method `find_map_leaf_content_mut` is never used
   --> src/bin/yalda-gpui/workspace.rs:137:12
    |
 80 | impl<C> Layout<C> {
    | ----------------- method in this implementation
...
137 |     pub fn find_map_leaf_content_mut<R, F: FnMut(&mut C) -> Option<R>>(
    |            ^^^^^^^^^^^^^^^^^^^^^^^^^

warning: method `rect_of` is never used
   --> src/bin/yalda-gpui/workspace.rs:641:12
    |
617 | impl DesktopState {
    | ----------------- method in this implementation
...
641 |     pub fn rect_of(&self, id: WindowId) -> Option<(Slot, Span)> {
    |            ^^^^^^^

warning: `yalda` (bin "yalda-gpui" test) generated 52 warnings (run `cargo fix --bin "yalda-gpui" -p yalda --tests` to apply 41 suggestions)
    Finished `test` profile [unoptimized + debuginfo] target(s) in 0.30s
     Running `/private/var/folders/06/t_ytth4972jbgchqwhyvgvxm0000gp/T/cargo-mutants-realloop-harness-zmtYwV.tmp/target/debug/deps/yalda_gpui-5102e82db9c8a0ce`

running 298 tests
test edit_ui::list_continuation_tests::checked_todo_resets_to_unchecked ... ok
test edit_ui::list_continuation_tests::bullets_preserve_their_marker ... ok
test edit_ui::list_continuation_tests::star_todo_keeps_star_bullet ... ok
test edit_ui::list_continuation_tests::blockquote_continues ... ok
test edit_ui::list_continuation_tests::unchecked_todo_continues_unchecked ... ok
test edit_ui::list_continuation_tests::non_list_lines_dont_continue ... ok
test edit_ui::list_continuation_tests::ordered_lists_increment ... ok
test edit_ui::list_continuation_tests::marker_char_count_matches_marker_length ... ok
test agent_sessions::tests::local_session_has_no_sid_until_bound ... ok
test agent_sessions::tests::clear_sid_keeps_the_session_but_frees_routing ... ok
test agent_sessions::tests::distinct_sids_get_distinct_sessions ... ok
test agent_sessions::tests::open_or_focus_is_idempotent_per_sid ... ok
test agent_sessions::tests::bind_sid_replaces_a_sessions_prior_sid ... ok
test agent_sessions::tests::bind_sid_rejects_a_second_owner ... ok
test agent_sessions::tests::close_frees_the_sid_for_reattach ... ok
test highlight_cache::tests::perf_report ... ignored
test highlight_cache::tests::fast_skip_when_edit_seq_unchanged ... ok
test highlight_cache::tests::cold_snapshot_matches_batch ... ok
test highlight_cache::tests::mid_buffer_edit_only_touches_one_line ... ok
test highlight_cache::tests::closing_a_fence_restores_lines_below ... ok
test highlight_cache::tests::appending_only_rehighlights_the_tail ... ok
test highlight_cache::tests::opening_a_fence_invalidates_lines_below ... ok
test highlight_cache::tests::theme_change_invalidates_everything ... ok
test tests::agent_local_c_resolves_to_session_picker ... ok
test tests::agent_local_n_resolves_to_claude_new ... ok
test tests::agent_local_shift_c_resolves_to_claude_clear ... ok
test tests::apply_selection_bg_empty_input_returns_empty ... ok
test tests::apply_selection_bg_full_segment_gets_bg ... ok
test tests::apply_selection_bg_no_overlap_preserves_segments ... ok
test tests::apply_selection_bg_spans_multiple_input_segments ... ok
test tests::apply_selection_bg_splits_segment_at_boundary ... ok
test tests::blank_line_at_selection_end_is_not_highlighted ... ok
test tests::blank_line_inside_selection_gets_highlight_placeholder ... ok
test tests::browser_local_menu_dot_resolves_toggle_hidden ... ok
test tests::agent_content_floors_above_worksheet_draft ... ok
test tests::agent_tail_floor_is_eof_without_draft ... ok
test tests::append_llm_chunk_chains_turns_above_draft ... ok
test tests::caret_visual_row_places_caret_on_a_rendered_row ... ok
test tests::build_nav_stops_per_frozen_prose_line ... ok
test tests::classify_wp_line_blockquote ... ok
test tests::classify_wp_line_bullet_markers ... ok
test tests::classify_wp_line_code_fences ... ok
test tests::classify_subagent_detects_the_harness_task_shape ... ok
test tests::classify_wp_line_empty_blank_and_whitespace ... ok
test tests::classify_wp_line_heading_requires_space_after_hashes ... ok
test tests::chatbox_turn_end_leaves_caret_put ... ok
test tests::classify_wp_line_headings_levels_1_through_6 ... ok
test tests::classify_wp_line_ordered_markers ... ok
test tests::classify_wp_line_paragraph_fallback ... ok
test tests::classify_wp_line_table_row_heuristic ... ok
test tests::clear_resets_worksheet_to_a_visible_nav_block ... ok
test tests::commit_worksheet_skips_blank_lines ... ok
test tests::compose_seeded_roundtrips_text ... ok
test tests::detect_block_ranges_skips_unterminated_fence ... ok
test tests::compose_draft_survives_reset_for_replay ... ok
test tests::doc_local_menu_g_g_resolves_goto_top ... ok
test tests::edit_local_menu_e_v_resolves_extend_mode ... ok
test tests::fingerprint_tracks_resolved_tool_anchor_line ... ok
test tests::floored_first_chunk_never_merges_into_draft ... ok
test tests::fold_header_line_is_single_short_line ... ok
test tests::format_menu_key_named_keys ... ok
test tests::floored_hard_break_starts_new_line_above_draft ... ok
test tests::floored_subline_chunks_merge_onto_one_line ... ok
test tests::format_menu_key_single_char ... ok
test tests::format_menu_key_with_ctrl ... ok
test tests::compose_wrapped_caret_never_below_the_fold ... ok
test tests::format_menu_key_multi_press_sequence ... ok
test tests::floored_tools_and_text_stay_in_order_above_draft ... ok
test tests::header_role_is_total_over_turn_id ... ok
test tests::gpui_menu_has_required_entries ... ok
test tests::heading_line_with_markers_prepends_markers ... ok
test tests::input_surface_with_draft_sets_mode_and_draft ... ok
test tests::jump_lands_at_page_end_only_on_j_at_newest ... ok
test tests::line_outside_selection_is_unchanged ... ok
test tests::line_selection_range_first_line_starts_at_sc ... ok
test tests::line_selection_range_middle_line_full_width ... ok
test tests::compose_draft_persist_roundtrip ... ok
test tests::inv_order_interleaved_turns_stay_chronological ... ok
test tests::inv_order_streaming_with_draft_appends_at_eof ... ok
test tests::line_selection_range_last_line_ends_at_ec ... ok
test tests::line_selection_range_outside_returns_none ... ok
test tests::line_selection_range_single_line_returns_partial ... ok
test tests::local_menus_have_no_duplicate_keys_per_level ... ok
test tests::menu_e_and_w_resolve_to_edit_views ... ok
test tests::menu_n_b_resolves_to_new_buffer_tile ... ok
test tests::menu_root_submenus_resolve ... ok
test tests::menu_state_round_trip_picks_command ... ok
test tests::menu_state_unknown_key_keeps_menu_open ... ok
test tests::next_jump_ord_steps_and_clamps ... ok
test tests::preferences_round_trip_with_text_scale ... ok
test tests::rebuild_blank_gap_between_claude_turns_has_no_you_header ... ok
test tests::rebuild_drops_empty_turn_headers ... ok
test tests::rebuild_keeps_trailing_blank_when_caret_is_on_it ... ok
test tests::rebuild_keeps_worksheet_cursor_line_through_collapse ... ok
test tests::rebuild_strips_trailing_blank_editable_tail ... ok
test tests::rebuild_text_gap_between_claude_turns_gets_you_header ... ok
test tests::reconcile_list_keeps_count_in_sync_and_reports_growth ... ok
test tests::rebuild_worksheet_blank_tail_has_no_header_until_text ... ok
test tests::rebuild_worksheet_whitespace_only_run_has_no_header ... ok
test tests::segments_to_styled_line_preserves_text_and_count ... ok
test tests::should_follow_tail_is_follow_output_only ... ok
test tests::reveal_tail_keys_on_content_growth_not_count ... ok
test tests::persist_cwd_key_canonicalizes_symlinks ... ok
test tests::split_segments_at_col_empty_input ... ok
test tests::split_segments_at_col_inside_a_segment ... ok
test tests::snap_nav_stop_none_when_no_stop_in_direction ... ok
test tests::split_segments_at_col_on_segment_boundary ... ok
test tests::split_segments_at_col_past_end_is_virtual_space ... ok
test tests::split_segments_at_col_zero_in_first_segment ... ok
test tests::theme_toggle_alternates_nightfox_and_folio ... ok
test tests::subagents_surfaces_registered_task_with_prompt ... ok
test tests::tool_call_key_round_trips_through_the_maps ... ok
test tests::tool_calls_register_keeps_maps_in_sync ... ok
test tests::turn_phase_idle_transitions_are_noops ... ok
test tests::turn_phase_submit_stop_stop_finalize_pins_escalation ... ok
test tests::user_turn_item_indices_picks_only_user_headers ... ok
test tests::view_model_fingerprint_busts_on_input_surface_and_worksheet_cursor ... ok
test tests::view_model_fingerprint_ignores_tool_content ... ok
test tests::view_model_memoization_fast_skip ... ok
test tests::whitespace_only_line_fully_selected_gets_highlight_placeholder ... ok
test highlight_cache::tests::syn_mid_buffer_edit_only_touches_one_line_and_matches_batch ... ok
test tests::rebuild_seeds_atomic_blocks_and_blocks_interior_insert ... ok
test tests::worksheet_reconcile_splices_structural_edits_keeping_parity ... ok
test tests::worksheet_turn_end_moves_caret_to_tail ... ok
test tests::rebuild_renders_unparsed_range_as_lines ... ok
test tests::wrap_line_cols_word_wraps_and_covers_every_char ... ok
test tests::you_block_anchor_guard_restricts_to_latest_turn ... ok
test tests::empty_source_file_renders_single_block ... ok
test tests::doc_list_splice_preserves_scroll_anchor ... ok
test tests::unparsed_detected_range_falls_back_to_one_line_per_source_line ... ok
test verify_harness::active_overlay_open_replaces_and_clears ... ok
test verify_harness::agent_reducer_drives_transcript_after_gate_flips ... ok
test tests::re_render_one_doc_sources_live_core_not_disk ... ok
test verify_harness::agent_reducer_finalize_is_idempotent_on_generation_turn ... ok
test verify_harness::agent_reducer_legacy_and_forwarded_turn_ended_collapse ... ok
test verify_harness::agent_reducer_live_turn_after_multi_turn_replay_finalizes ... ok
test highlight_cache::tests::syn_fast_skip_when_edit_seq_unchanged ... ok
test highlight_cache::tests::syn_cold_snapshot_matches_batch ... ok
test highlight_cache::tests::syn_edit_inside_code_block_matches_batch ... ok
test tests::source_file_renders_one_block_per_line ... ok
test verify_harness::agent_reducer_live_turn_after_replay_finalizes ... ok
test verify_harness::agent_reducer_no_double_apply_across_streams ... ok
test verify_harness::agent_reducer_replay_end_does_not_steal_live_turn_finalize ... ok
test verify_harness::agent_reducer_rebaselines_on_newer_generation ... ok
test verify_harness::agent_seam_pipelined_worksheet_submits_get_distinct_turns ... ok
test verify_harness::cached_notify_from_render_is_parked ... ok
test verify_harness::cached_observe_protocol_busts_cache_fresh ... ok
test verify_harness::agent_seam_routes_reply_only_after_session_is_bound ... ok
test verify_harness::cached_panel_skips_render_until_child_is_notified ... ok
test verify_harness::agent_reducer_unknown_and_compacted_summary_arms ... ok
test verify_harness::agent_seam_suppresses_double_render_when_chunk_precedes_echo ... ok
test verify_harness::agent_seam_worksheet_submit_suppresses_double_render ... ok
test verify_harness::agent_seam_unsuppressed_echo_during_inflight_turn_gets_distinct_k ... ok
test verify_harness::agent_seam_worksheet_unregistered_line_double_renders ... ok
test verify_harness::agent_session_binds_at_most_one_tile ... ok
test verify_harness::constructs_and_renders_real_view ... ok
test verify_harness::cmd_b_toggles_file_browser_rail ... ok
test verify_harness::edit_list_splice_preserves_scroll_anchor ... ok
test verify_harness::duplicate_resolution_closes_orphan_and_focuses_owner ... ok
test verify_harness::browser_start_dir_resolution ... ok
test verify_harness::focused_in_insert_mode_tracks_compose_not_transcript ... ok
test verify_harness::edit_column_move_reveals_cursor_line ... ok
test verify_harness::esc_does_not_stop_in_flight_turn ... ok
test tests::theme_switch_invalidate_reparses_code_blocks ... ok
test verify_harness::doc_hit_test_never_touches_unpainted_layout ... ok
test verify_harness::harness_boots ... ok
test tests::chatbox_caret_cell_stays_in_window_for_every_edit_path ... ok
test verify_harness::fresh_worksheet_session_shows_an_input ... ok
test verify_harness::doc_selection_drag_highlights_dragged_lines ... ok
test verify_harness::edit_newline_delete_keeps_viewport_anchored ... ok
test verify_harness::global_menu_lists_and_switches_workspaces ... ok
test verify_harness::jump_panel_renders_with_sessions ... ok
test verify_harness::fresh_worksheet_space_opens_the_tile_menu ... ok
test verify_harness::doc_view_render_is_o_visible ... ok
test verify_harness::jump_to_bound_session_focuses_existing_tile ... ok
test verify_harness::linear_picker_move_busts_cache ... ok
test verify_harness::jump_to_free_session_opens_then_tears_down_ephemeral ... ok
test verify_harness::jump_panel_toggle_hides_and_summons ... ok
test verify_harness::multi_session_persistence_round_trips_distinct_sids ... ok
test verify_harness::jump_to_second_free_session_replaces_ephemeral ... ok
test verify_harness::leader_intercept_respects_insert_mode ... FAILED
test verify_harness::linear_nav_move_busts_cache ... ok
test verify_harness::linear_input_keystroke_is_render_flat ... ok
test verify_harness::linear_state_change_busts_cache ... ok
test verify_harness::linear_normal_mode_frees_keys_for_menus ... FAILED
test verify_harness::next_agent_label_is_unique_and_fills_gaps ... ok
test verify_harness::new_agent_uses_live_workspace_cwd_after_set_cwd ... ok
test tests::worksheet_rebuild_reuses_parsed_blocks_by_identity ... ok
test verify_harness::m_is_typeable_in_compose ... ok
test tests::streamed_shift_reuses_parses_by_content ... ok
test verify_harness::roster_surfaces_unopened_session_and_tracks_rename_close ... ok
test verify_harness::real_midturn_worksheet_m_types_not_marks ... ok
test verify_harness::session_close_shows_selector_on_bound_tile_not_focused ... ok
test verify_harness::real_midturn_worksheet_space_is_suppressed_on_main ... ok
test verify_harness::selector_projection_reflects_binding_across_tiles ... ok
test verify_harness::session_picker_activation_binds_slot ... ok
test verify_harness::session_picker_renders_empty_ring ... ok
test verify_harness::session_picker_navigation_wraps ... ok
test verify_harness::steering_after_stop_request_supersedes_pending_cancel ... ok
test verify_harness::steering_submit_while_awaiting_sends_immediately ... ok
test verify_harness::stop_interrupts_only_when_in_flight ... ok
test verify_harness::toggle_preserves_compose_value ... ok
test verify_harness::steering_midturn_ordering_and_dedup ... ok
test verify_harness::transcript_021_anim_tick_busts_awaiting_cache ... ok
test verify_harness::toggle_agent_focus_round_trips ... ok
test verify_harness::subagent_panes_paint_above_the_compose ... ok
test verify_harness::transcript_021_chatbox_keystroke_is_render_flat ... ok
test verify_harness::transcript_021_heading_marker_toggle_busts_cache ... ok
test verify_harness::transcript_021_follow_tail_reveals_grown_content ... ok
test tests::reveal_index_mirrors_flat_items_and_is_o1 ... ok
test verify_harness::transcript_021_session_edit_busts_cache ... ok
test verify_harness::transcript_021_mode_flip_busts_cache ... ok
test verify_harness::transcript_021_tool_expand_busts_cache ... ok
test verify_harness::two_sessions_route_to_exactly_one_tile ... ok
test verify_harness::worksheet_blank_submit_is_noop ... ok
test verify_harness::worksheet_already_active_during_replay_lands_caret_on_tail ... ok
test verify_harness::transcript_021_streaming_burst_final_append_renders ... ok
test verify_harness::transcript_021_user_turn_jump_toggle ... ok
test verify_harness::worksheet_block_normal_then_insert_again ... ok
test verify_harness::worksheet_focus_toggle_opens_visible_block ... ok
test verify_harness::transcript_021_theme_and_zoom_bust_cache ... ok
test verify_harness::worksheet_insert_opens_and_empty_esc_discards_you_block ... ok
test verify_harness::worksheet_inline_typing_rerenders_transcript ... ok
test verify_harness::worksheet_midturn_space_types_into_chatbox ... ok
test verify_harness::worksheet_compose_visibility_tracks_block_and_turn ... ok
test verify_harness::worksheet_midturn_typing_routes_to_chatbox ... ok
test verify_harness::worksheet_cursor_on_existing_block_resumes_it ... ok
test verify_harness::worksheet_reentering_insert_keeps_block_anchor ... ok
test verify_harness::worksheet_nonempty_you_block_persists_after_esc ... ok
test verify_harness::worksheet_multiple_insertion_points ... ok
test workspace::desktop_tests::drop_on_empty_slot_is_plain_move_leaving_gap ... ok
test workspace::desktop_tests::drop_on_occupied_slot_ripples_run_until_gap ... ok
test workspace::desktop_tests::drop_onto_a_spanned_tile_is_rejected ... ok
test workspace::desktop_tests::geometry_round_trips ... ok
test workspace::desktop_tests::layout_mode_deserialize_falls_back_to_manual ... ok
test workspace::desktop_tests::occupant_is_rectangle_aware ... ok
test workspace::desktop_tests::occupied_extent_accounts_for_span ... ok
test workspace::desktop_tests::reconcile_drops_spans_of_closed_tiles ... ok
test workspace::desktop_tests::reconcile_drops_stale_and_inserts_after_focused ... ok
test workspace::desktop_tests::resize_east_grows_into_free_desktop_and_clamps_at_neighbor ... ok
test verify_harness::worksheet_resume_multiturn_caret_on_editable_tail ... ok
test workspace::desktop_tests::ripple_wraps_rows_at_effective_width ... ok
test workspace::desktop_tests::resize_south_independent_of_columns ... ok
test workspace::desktop_tests::seed_fills_row_major_at_width ... ok
test workspace::desktop_tests::shrink_is_always_allowed_to_one ... ok
test verify_harness::worksheet_renders_flush_chatbox_renders_boxed ... ok
test workspace::desktop_tests::spanned_tile_is_a_wall_that_rejects_unabsorbable_inserts ... ok
test workspace::desktop_tests::spanned_tile_moves_only_onto_a_free_rectangle ... ok
test workspace::desktop_tests::spatial_neighbor_prefers_aligned_then_nearest ... ok
test workspace::desktop_tests::tiles_beyond_effective_width_never_ripple ... ok
test workspace::tests::alloc_ids_are_monotonic ... ok
test workspace::tests::clamp_resize_blocks_on_neighbor_and_shrinks_freely ... ok
test workspace::tests::buffer_retain_release_lifecycle ... ok
test workspace::tests::canonical_key_handles_relative_paths ... ok
test workspace::tests::close_focused_in_2child_split_collapses ... ok
test workspace::tests::clamp_resize_west_north_move_anchor ... ok
test workspace::tests::close_focused_in_3child_split_keeps_split ... ok
test workspace::tests::close_focused_on_root_leaf_signals_tab_empty ... ok
test workspace::tests::detach_focused_in_split_prunes_and_refocuses ... ok
test workspace::tests::detach_focused_root_leaves_tab_empty ... ok
test workspace::tests::equalize_focused_resets_to_equal ... ok
test workspace::tests::find_leaf_walks_tree ... ok
test workspace::tests::focus_motion_left_right_walks_v_split ... ok
test workspace::tests::focus_motion_down_descends_through_nested_split ... ok
test workspace::tests::focus_motion_no_op_at_root ... ok
test workspace::tests::for_each_leaf_visits_in_tree_order ... ok
test workspace::tests::focus_next_cycles_in_tree_order ... ok
test workspace::tests::gc_keeps_buffers_a_view_still_holds ... ok
test workspace::tests::insert_leaf_into_empty_tab_adopts_root ... ok
test workspace::tests::gc_reaps_unreferenced_clean_buffers_keeps_dirty ... ok
test verify_harness::worksheet_replay_closes_you_block ... ok
test workspace::tests::insert_leaf_into_leaf_tab_wraps_in_split ... ok
test workspace::tests::move_focused_leaf_across_tabs_roundtrip ... ok
test workspace::tests::only_replaces_root_with_focused_leaf ... ok
test workspace::tests::resize_focused_shifts_weights ... ok
test workspace::tests::open_buffer_pools_by_canonical_path ... ok
test workspace::tests::split_focused_on_root_wraps_in_split ... ok
test workspace::tests::split_focused_perpendicular_dir_nests ... ok
test workspace::tests::split_focused_same_dir_appends_to_existing_split ... ok
test workspace::tests::shared_core_propagates_edits_across_views ... ok
test yux::list::tests::caret_is_always_within_the_chosen_window ... ok
test yux::list::tests::caret_col_is_always_within_window_with_caret_slack ... ok
test yux::list::tests::short_and_empty_lines_pin_left_to_zero ... ok
test yux::list::tests::stable_when_caret_already_visible_and_minimal_otherwise ... ok
test yux::list::tests::compose_window_contains_caret_cell_on_both_axes ... ok
test workspace::tests::pool_dedups_by_path_so_two_views_share_one_core ... ok
test verify_harness::worksheet_restore_settles_focus_and_block ... ok
test verify_harness::worksheet_resume_undo_does_not_erase_transcript ... ok
test verify_harness::workspace_cwd_inheritance ... ok
test verify_harness::worksheet_stale_anchor_is_rejected ... ok
test verify_harness::worksheet_you_block_anchors_at_cursor_not_tail ... ok
test verify_harness::workspace_cwd_persists_across_restart ... ok
test verify_harness::worksheet_turn_end_carries_over_draft_or_rests_in_nav ... ok
test verify_harness::compose_caret_row_painted_inside_box_when_wrapped ... ok
test verify_harness::worksheet_tall_inline_block_keeps_caret_in_window ... ok
test verify_harness::edit_view_keystroke_is_o_changed ... ok
test tests::worksheet_rebuild_cost_probe ... ok
test verify_harness::agent_tile_statemachine_fuzz_holds_invariants ... ok

failures:

---- verify_harness::leader_intercept_respects_insert_mode stdout ----
[yalda-gpui] connected to session server

thread 'verify_harness::leader_intercept_respects_insert_mode' (162941159) panicked at src/bin/yalda-gpui/verify_harness.rs:4407:5:
in Insert mode a leader is left to the tile as text
note: run with `RUST_BACKTRACE=1` environment variable to display a backtrace

---- verify_harness::linear_normal_mode_frees_keys_for_menus stdout ----
[yalda-gpui] connected to session server

thread 'verify_harness::linear_normal_mode_frees_keys_for_menus' (162941170) panicked at src/bin/yalda-gpui/verify_harness.rs:4382:5:
`<space>` is consumed as a leader in Normal mode


failures:
    verify_harness::leader_intercept_respects_insert_mode
    verify_harness::linear_normal_mode_frees_keys_for_menus

test result: FAILED. 295 passed; 2 failed; 1 ignored; 0 measured; 0 filtered out; finished in 1.52s

error: test failed, to rerun pass `-p yalda --bin yalda-gpui`

*** result: Failure(101)
